1,10,10,0

0,10,20,0

3,10,30,0

3,-3,27,0

0,-3,24,0

3,-3,21,0

3,-3,18,0

2,1,19,0

1,1,20,0

0,-3,17,0

0,1,18,0

3,-3,15,0

1,-3,12,0

2,-3,9,0

3,-3,6,0

2,1,7,0

2,-3,4,0

1,1,5,0

2,-3,2,0

2,-3,-1,0

1,1,0,0

1,1,1,0

0,1,2,0

1,1,3,0

2,-3,0,0

3,-3,-3,0

3,-3,-6,0

2,-3,-9,0

0,-3,-12,0

0,-3,-15,0

3,-3,-18,0

3,-3,-21,0

3,-3,-24,0

1,-3,-27,0

0,1,-26,0

3,-3,-29,0

0,1,-28,0

1,1,-27,0

2,-3,-30,0

0,-3,-33,0

2,-3,-36,0

3,-3,-39,0

1,-3,-42,0

0,1,-41,0

2,1,-40,0

0,1,-39,0

2,1,-38,0

2,1,-37,0

3,-3,-40,0

0,1,-39,0

2,1,-38,0

1,1,-37,0

3,1,-36,0

0,-3,-39,0

0,1,-38,0

1,1,-37,0

0,-3,-40,0

3,-3,-43,0

1,-3,-46,0

1,-3,-49,0

1,-3,-52,0

0,-3,-55,0

3,-3,-58,0

3,-3,-61,0

0,-3,-64,0

3,-3,-67,0

0,1,-66,0

1,1,-65,0

2,-3,-68,0

2,1,-67,0

1,1,-66,0

1,1,-65,0

0,-3,-68,0

2,1,-67,0

3,-3,-70,0

0,1,-69,0

2,1,-68,0

1,1,-67,0

1,1,-66,0

3,1,-65,0

1,1,-64,0

3,1,-63,0

2,-3,-66,0

0,-3,-69,0

2,-3,-72,0

1,1,-71,0

1,1,-70,0

0,1,-69,0

3,-3,-72,0

2,-3,-75,0

3,-3,-78,0

1,-3,-81,0

0,1,-80,0

0,1,-79,0

3,-3,-82,0

1,-3,-85,0

0,1,-84,0

0,1,-83,0

3,-3,-86,0

3,-3,-89,0

0,1,-88,0

3,-3,-91,0

0,-3,-94,0

0,-3,-97,0

1,1,-96,0

0,-3,-99,0

2,-3,-102,0

1,1,-101,0

2,1,-100,0

2,1,-99,0

0,1,-98,0

3,-3,-101,0

0,-3,-104,0

1,1,-103,0

2,1,-102,0

1,1,-101,0

3,1,-100,0

1,1,-99,0

0,-3,-102,0

0,-3,-105,0

3,-3,-108,0

1,-3,-111,0

1,-3,-114,0

1,-3,-117,0

1,-3,-120,0

2,1,-119,0

0,1,-118,0

0,1,-117,0

3,-3,-120,0

3,-3,-123,0

1,-3,-126,0

0,-3,-129,0

1,1,-128,0

0,-3,-131,0

0,-3,-134,0

2,-3,-137,0

3,-3,-140,0

1,-3,-143,0

3,-3,-146,0

1,-3,-149,0

0,1,-148,0

3,-3,-151,0

1,-3,-154,0

2,-3,-157,0

3,-3,-160,0

1,-3,-163,0

3,-3,-166,0

2,1,-165,0

3,-3,-168,0

2,1,-167,0

0,1,-166,0

3,-3,-169,0

1,-3,-172,0

1,-3,-175,0

3,-3,-178,0

2,1,-177,0

1,1,-176,0

0,-3,-179,0

1,1,-178,0

3,1,-177,0

0,-3,-180,0

1,1,-179,0

0,-3,-182,0

0,-3,-185,0

1,1,-184,0

1,1,-183,0

0,1,-182,0

1,1,-181,0

2,-3,-184,0

3,-3,-187,0

3,-3,-190,0

3,-3,-193,0

2,1,-192,0

3,-3,-195,0

0,-3,-198,0

1,1,-197,0

2,1,-196,0

3,-3,-199,0

1,-3,-202,0

2,1,-201,0

0,1,-200,0

2,1,-199,0

1,1,-198,0

1,1,-197,0

1,1,-196,0

1,1,-195,0

1,1,-194,0

1,1,-193,0

1,1,-192,0

0,-3,-195,0

2,-3,-198,0

3,-3,-201,0

3,-3,-204,0

2,1,-203,0

0,1,-202,0

1,1,-201,0

0,-3,-204,0

1,1,-203,0

2,1,-202,0

2,-3,-205,0

0,-3,-208,0

1,1,-207,0

0,1,-206,0

0,1,-205,0

0,-3,-208,0

3,-3,-211,0

1,-3,-214,0

3,-3,-217,0

0,-3,-220,0

3,-3,-223,0

3,-3,-226,0

3,-3,-229,0

2,1,-228,0

3,-3,-231,0

0,-3,-234,0

3,-3,-237,0

1,-3,-240,0

0,-3,-243,0

2,-3,-246,0

1,1,-245,0

0,1,-244,0

0,1,-243,0

1,1,-242,0

2,-3,-245,0

3,-3,-248,0

3,-3,-251,0

1,-3,-254,0

1,-100,-354,0

3,1,1,1

3,-3,-2,1

2,-3,-5,1

0,-3,-8,1

1,1,-7,1

2,-3,-10,1

2,-3,-13,1

2,-3,-16,1

3,-3,-19,1

2,-3,-22,1

0,-3,-25,1

0,-3,-28,1

2,-3,-31,1

1,1,-30,1

0,1,-29,1

1,1,-28,1

0,1,-27,1

2,1,-26,1

2,1,-25,1

3,-3,-28,1

1,-3,-31,1

0,1,-30,1

3,-3,-33,1

0,1,-32,1

1,1,-31,1

3,1,-30,1

2,-3,-33,1

3,-3,-36,1

3,-3,-39,1

1,-3,-42,1

1,-3,-45,1

0,1,-44,1

2,1,-43,1

0,1,-42,1

1,1,-41,1

1,1,-40,1

3,1,-39,1

0,1,-38,1

3,-3,-41,1

3,-3,-44,1

2,-3,-47,1

1,1,-46,1

0,1,-45,1

3,-3,-48,1

0,1,-47,1

1,1,-46,1

0,-3,-49,1

1,1,-48,1

2,1,-47,1

0,-3,-50,1

2,-3,-53,1

3,-3,-56,1

2,-3,-59,1

2,-3,-62,1

3,-3,-65,1

1,-3,-68,1

2,-3,-71,1

0,-3,-74,1

3,-3,-77,1

3,-3,-80,1

1,-3,-83,1

0,1,-82,1

2,1,-81,1

2,1,-80,1

1,1,-79,1

0,1,-78,1

1,1,-77,1

0,1,-76,1

2,1,-75,1

0,-3,-78,1

3,-3,-81,1

3,-3,-84,1

3,-3,-87,1

1,-3,-90,1

2,1,-89,1

3,-3,-92,1

2,-3,-95,1

3,-3,-98,1

2,-3,-101,1

1,1,-100,1

3,1,-99,1

3,1,-98,1

2,-3,-101,1

2,-3,-104,1

3,-3,-107,1

0,1,-106,1

1,1,-105,1

2,-3,-108,1

0,-3,-111,1

3,-3,-114,1

3,-3,-117,1

3,-3,-120,1

2,-3,-123,1

3,-3,-126,1

2,-3,-129,1

0,-3,-132,1

0,-3,-135,1

0,-3,-138,1

2,-100,-238,1

3,1,1,2

3,-3,-2,2

3,-3,-5,2

0,1,-4,2

0,-3,-7,2

3,-3,-10,2

3,-3,-13,2

3,-3,-16,2

0,1,-15,2

3,-3,-18,2

0,-3,-21,2

0,-3,-24,2

1,1,-23,2

2,1,-22,2

2,1,-21,2

2,-3,-24,2

2,1,-23,2

2,-3,-26,2

2,-3,-29,2

2,-3,-32,2

1,1,-31,2

2,-3,-34,2

2,-3,-37,2

0,-3,-40,2

1,1,-39,2

3,1,-38,2

0,1,-37,2

0,1,-36,2

1,1,-35,2

3,1,-34,2

1,1,-33,2

3,1,-32,2

1,-3,-35,2

0,1,-34,2

0,1,-33,2

2,10,-23,2

3,10,-13,2

0,1,-12,2

1,10,-2,2

1,10,8,2

3,10,18,2

1,-3,15,2

0,10,25,2

0,10,35,2

1,10,45,2

3,10,55,2

2,10,65,2

3,10,75,2

0,1,76,2

3,10,86,2

2,10,96,2

2,-3,93,2

3,10,103,2

3,10,113,2

1,1,114,2

2,10,124,2

1,10,134,2

0,-3,131,2

1,-3,128,2

0,10,138,2

3,10,148,2

0,10,158,2

2,10,168,2

3,1,169,2

2,10,179,2

2,-3,176,2

1,-3,173,2

1,-3,170,2

2,1,171,2

2,1,172,2

2,-3,169,2

2,-3,166,2

0,-3,163,2

1,1,164,2

0,1,165,2

2,1,166,2

2,1,167,2

2,-3,164,2

0,-3,161,2

2,-3,158,2

3,-3,155,2

3,-3,152,2

1,1,153,2

2,-3,150,2

1,-3,147,2

3,-3,144,2

2,1,145,2

3,1,146,2

2,1,147,2

0,-3,144,2

2,-3,141,2

3,1,142,2

0,1,143,2

0,1,144,2

3,10,154,2

3,10,164,2

2,-3,161,2

1,-3,158,2

1,-3,155,2

1,1,156,2

1,1,157,2

2,-3,154,2

2,-3,151,2

3,-3,148,2

2,-3,145,2

0,-3,142,2

2,-3,139,2

1,1,140,2

3,1,141,2

1,1,142,2

1,1,143,2

0,1,144,2

1,1,145,2

0,1,146,2

3,-3,143,2

3,-3,140,2

1,-3,137,2

0,1,138,2

3,-3,135,2

2,-3,132,2

1,1,133,2

3,1,134,2

3,1,135,2

3,1,136,2

1,1,137,2

0,1,138,2

2,1,139,2

2,1,140,2

1,1,141,2

0,10,151,2

0,10,161,2

3,10,171,2

3,10,181,2

3,10,191,2

2,10,201,2

2,-3,198,2

1,1,199,2

0,10,209,2

1,10,219,2

2,1,220,2

2,-3,217,2

1,1,218,2

2,-3,215,2

0,-3,212,2

2,-3,209,2

0,-3,206,2

0,-3,203,2

2,-3,200,2

1,1,201,2

2,-3,198,2

1,1,199,2

2,-100,99,2

0,1,1,3

1,-3,-2,3

1,-3,-5,3

1,-3,-8,3

2,-3,-11,3

2,-3,-14,3

3,-3,-17,3

0,1,-16,3

3,1,-15,3

1,1,-14,3

0,1,-13,3

0,10,-3,3

3,-3,-6,3

1,-3,-9,3

0,1,-8,3

3,-3,-11,3

3,-3,-14,3

3,-3,-17,3

3,-3,-20,3

2,-3,-23,3

3,-3,-26,3

0,1,-25,3

1,1,-24,3

0,1,-23,3

2,-3,-26,3

2,-3,-29,3

0,1,-28,3

2,1,-27,3

1,1,-26,3

1,1,-25,3

0,1,-24,3

2,1,-23,3

3,-3,-26,3

2,-3,-29,3

0,-3,-32,3

2,-3,-35,3

2,-3,-38,3

0,1,-37,3

1,1,-36,3

2,1,-35,3

2,-3,-38,3

2,-3,-41,3

0,-3,-44,3

1,1,-43,3

1,1,-42,3

0,1,-41,3

1,1,-40,3

0,1,-39,3

0,1,-38,3

2,-3,-41,3

0,-3,-44,3

0,1,-43,3

1,10,-33,3

2,10,-23,3

3,-3,-26,3

0,-3,-29,3

1,1,-28,3

0,10,-18,3

0,10,-8,3

2,10,2,3

2,10,12,3

3,-3,9,3

0,-3,6,3

3,-3,3,3

1,-3,0,3

1,-3,-3,3

1,-3,-6,3

3,-3,-9,3

1,-3,-12,3

1,-3,-15,3

3,-3,-18,3

1,-3,-21,3

0,-3,-24,3

1,1,-23,3

0,-3,-26,3

1,1,-25,3

3,1,-24,3

2,1,-23,3

1,1,-22,3

0,-3,-25,3

2,-3,-28,3

1,1,-27,3

0,1,-26,3

2,1,-25,3

1,1,-24,3

2,-3,-27,3

0,-3,-30,3

1,1,-29,3

3,1,-28,3

0,1,-27,3

0,1,-26,3

2,1,-25,3

0,1,-24,3

1,1,-23,3

2,-3,-26,3

1,10,-16,3

2,-3,-19,3

1,1,-18,3

1,-3,-21,3

0,10,-11,3

1,10,-1,3

0,10,9,3

3,10,19,3

0,10,29,3

3,10,39,3

3,10,49,3

2,10,59,3

1,10,69,3

3,1,70,3

0,10,80,3

0,10,90,3

1,10,100,3

1,10,110,3

0,10,120,3

1,10,130,3

0,10,140,3

1,10,150,3

0,10,160,3

1,10,170,3

0,10,180,3

2,10,190,3

0,10,200,3

3,10,210,3

2,10,220,3

0,10,230,3

2,10,240,3

1,10,250,3

0,10,260,3

3,-3,257,3

2,1,258,3

2,10,268,3

3,10,278,3

2,10,288,3

1,10,298,3

0,1,299,3

0,-3,296,3

1,10,306,3

2,10,316,3

1,10,326,3

2,10,336,3

2,10,346,3

1,10,356,3

0,10,366,3

1,10,376,3

0,10,386,3

1,10,396,3

0,10,406,3

1,10,416,3

2,10,426,3

3,10,436,3

2,10,446,3

1,10,456,3

2,10,466,3

3,10,476,3

0,1,477,3

2,-3,474,3

1,10,484,3

0,10,494,3

0,10,504,3

3,10,514,3

0,10,524,3

1,10,534,3

3,10,544,3

0,10,554,3

2,10,564,3

2,-3,561,3

1,1,562,3

2,10,572,3

3,1,573,3

2,10,583,3

3,10,593,3

2,10,603,3

3,10,613,3

2,-3,610,3

1,10,620,3

2,10,630,3

1,10,640,3

2,10,650,3

3,10,660,3

2,10,670,3

3,1,671,3

0,-3,668,3

1,10,678,3

0,-3,675,3

1,10,685,3

0,10,695,3

3,-3,692,3

2,-3,689,3

1,1,690,3

0,10,700,3

1,10,710,3

0,10,720,3

2,10,730,3

1,10,740,3

1,10,750,3

0,-3,747,3

1,10,757,3

0,-3,754,3

1,1,755,3

2,10,765,3

1,10,775,3

3,10,785,3

2,10,795,3

2,10,805,3

3,10,815,3

2,10,825,3

2,10,835,3

2,10,845,3

1,10,855,3

2,10,865,3

3,10,875,3

0,10,885,3

2,10,895,3

0,10,905,3

0,1,906,3

1,-3,903,3

0,1,904,3

1,10,914,3

2,10,924,3

0,1,925,3

1,10,935,3

2,10,945,3

3,10,955,3

2,10,965,3

3,10,975,3

2,10,985,3

3,10,995,3

2,10,1005,3

3,10,1015,3

0,10,1025,3

1,-3,1022,3

0,10,1032,3

1,-3,1029,3

1,10,1039,3

2,10,1049,3

1,10,1059,3

2,10,1069,3

1,10,1079,3

0,10,1089,3

1,10,1099,3

1,10,1109,3

0,10,1119,3

1,10,1129,3

0,10,1139,3

0,10,1149,3

1,10,1159,3

3,10,1169,3

2,10,1179,3

3,10,1189,3

2,10,1199,3

3,10,1209,3

2,10,1219,3

3,10,1229,3

2,10,1239,3

3,10,1249,3

2,10,1259,3

1,10,1269,3

0,1,1270,3

2,1,1271,3

2,10,1281,3

0,10,1291,3

1,-3,1288,3

0,1,1289,3

0,10,1299,3

0,10,1309,3

1,10,1319,3

2,10,1329,3

3,10,1339,3

2,1,1340,3

1,10,1350,3

3,-3,1347,3

0,-3,1344,3

2,1,1345,3

2,1,1346,3

3,1,1347,3

2,-3,1344,3

3,10,1354,3

3,10,1364,3

2,10,1374,3

2,10,1384,3

3,10,1394,3

2,10,1404,3

3,10,1414,3

0,10,1424,3

0,10,1434,3

0,10,1444,3

0,1,1445,3

2,-3,1442,3

1,1,1443,3

0,-3,1440,3

1,-3,1437,3

0,-3,1434,3

1,-3,1431,3

0,-3,1428,3

3,1,1429,3

2,1,1430,3

3,1,1431,3

2,1,1432,3

3,-3,1429,3

0,-3,1426,3

2,-3,1423,3

1,1,1424,3

0,-3,1421,3

1,-3,1418,3

0,-3,1415,3

1,-3,1412,3

0,-3,1409,3

1,-3,1406,3

3,-3,1403,3

0,-3,1400,3

1,-3,1397,3

3,-3,1394,3

3,-3,1391,3

3,-3,1388,3

2,1,1389,3

1,1,1390,3

1,1,1391,3

2,1,1392,3

1,1,1393,3

2,1,1394,3

2,1,1395,3

1,1,1396,3

2,1,1397,3

1,1,1398,3

2,1,1399,3

1,1,1400,3

2,1,1401,3

1,1,1402,3

2,10,1412,3

1,10,1422,3

2,10,1432,3

3,10,1442,3

2,10,1452,3

1,10,1462,3

2,10,1472,3

0,10,1482,3

3,10,1492,3

2,10,1502,3

1,10,1512,3

0,10,1522,3

1,10,1532,3

2,10,1542,3

1,10,1552,3

2,10,1562,3

1,10,1572,3

0,10,1582,3

1,10,1592,3

2,10,1602,3

3,10,1612,3

2,10,1622,3

1,10,1632,3

0,10,1642,3

1,10,1652,3

0,10,1662,3

1,10,1672,3

3,10,1682,3

3,10,1692,3

3,10,1702,3

3,10,1712,3

0,10,1722,3

1,10,1732,3

2,10,1742,3

1,10,1752,3

2,10,1762,3

0,10,1772,3

3,10,1782,3

0,10,1792,3

0,10,1802,3

1,10,1812,3

0,10,1822,3

1,10,1832,3

2,10,1842,3

1,10,1852,3

0,10,1862,3

2,10,1872,3

0,10,1882,3

1,10,1892,3

3,10,1902,3

0,10,1912,3

1,10,1922,3

3,10,1932,3

2,10,1942,3

1,10,1952,3

3,10,1962,3

2,10,1972,3

1,10,1982,3

2,10,1992,3

1,10,2002,3

3,10,2012,3

2,10,2022,3

1,10,2032,3

2,10,2042,3

1,10,2052,3

0,10,2062,3

1,10,2072,3

3,1,2073,3

3,-3,2070,3

3,-3,2067,3

2,1,2068,3

3,1,2069,3

3,1,2070,3

3,10,2080,3

2,10,2090,3

1,-3,2087,3

3,-3,2084,3

3,-3,2081,3

3,-3,2078,3

3,1,2079,3

2,10,2089,3

3,10,2099,3

2,10,2109,3

3,10,2119,3

0,10,2129,3

1,1,2130,3

1,1,2131,3

2,10,2141,3

1,10,2151,3

2,10,2161,3

1,10,2171,3

2,10,2181,3

3,10,2191,3

2,10,2201,3

1,10,2211,3

2,10,2221,3

1,10,2231,3

2,10,2241,3

3,10,2251,3

2,10,2261,3

0,10,2271,3

1,10,2281,3

2,10,2291,3

1,10,2301,3

0,10,2311,3

1,10,2321,3

3,10,2331,3

3,10,2341,3

3,10,2351,3

3,10,2361,3

3,10,2371,3

2,10,2381,3

3,10,2391,3

0,10,2401,3

0,10,2411,3

3,10,2421,3

2,10,2431,3

3,10,2441,3

2,10,2451,3

3,10,2461,3

0,1,2462,3

1,-3,2459,3

3,-3,2456,3

3,1,2457,3

0,10,2467,3

1,10,2477,3

2,10,2487,3

1,10,2497,3

2,10,2507,3

1,10,2517,3

0,10,2527,3

1,10,2537,3

2,10,2547,3

1,10,2557,3

0,10,2567,3

1,10,2577,3

3,10,2587,3

3,10,2597,3

3,10,2607,3

3,10,2617,3

3,10,2627,3

2,10,2637,3

3,10,2647,3

0,10,2657,3

0,10,2667,3

1,10,2677,3

3,10,2687,3

2,10,2697,3

1,10,2707,3

2,10,2717,3

1,10,2727,3

0,10,2737,3

1,10,2747,3

3,10,2757,3

3,10,2767,3

0,10,2777,3

1,10,2787,3

0,10,2797,3

1,10,2807,3

3,10,2817,3

3,10,2827,3

1,10,2837,3

2,10,2847,3

3,10,2857,3

2,10,2867,3

3,10,2877,3

2,10,2887,3

1,10,2897,3

0,10,2907,3

0,10,2917,3

1,-3,2914,3

2,10,2924,3

1,10,2934,3

2,10,2944,3

3,10,2954,3

2,10,2964,3

3,10,2974,3

0,10,2984,3

1,-3,2981,3

2,10,2991,3

3,10,3001,3

2,10,3011,3

3,10,3021,3

0,10,3031,3

1,10,3041,3

2,10,3051,3

3,10,3061,3

2,10,3071,3

1,10,3081,3

2,10,3091,3

3,10,3101,3

0,10,3111,3

0,1,3112,3

0,1,3113,3

0,1,3114,3

0,10,3124,3

1,-3,3121,3

3,1,3122,3

2,-3,3119,3

1,10,3129,3

0,10,3139,3

1,10,3149,3

2,10,3159,3

1,10,3169,3

0,10,3179,3

1,1,3180,3

3,-3,3177,3

3,-3,3174,3

3,-3,3171,3

3,-3,3168,3

3,-3,3165,3

3,-3,3162,3

3,-3,3159,3

3,-3,3156,3

3,-3,3153,3

3,-3,3150,3

3,-3,3147,3

3,-3,3144,3

3,-3,3141,3

3,-3,3138,3

3,-3,3135,3

3,-3,3132,3

3,-3,3129,3

3,-3,3126,3

3,-3,3123,3

3,-3,3120,3

3,-3,3117,3

3,-3,3114,3

3,-3,3111,3

3,-3,3108,3

3,-3,3105,3

1,-3,3102,3

3,-3,3099,3

3,-3,3096,3

3,-100,2996,3

1,1,1,4

0,1,2,4

0,10,12,4

0,10,22,4

0,10,32,4

1,1,33,4

0,10,43,4

0,10,53,4

0,10,63,4

0,10,73,4

0,10,83,4

0,10,93,4

0,10,103,4

0,1,104,4

1,-3,101,4

2,10,111,4

3,10,121,4

2,10,131,4

0,10,141,4

3,1,142,4

0,1,143,4

0,1,144,4

0,-3,141,4

1,-3,138,4

3,1,139,4

2,1,140,4

1,10,150,4

3,10,160,4

3,10,170,4

3,10,180,4

2,10,190,4

3,10,200,4

0,1,201,4

1,-3,198,4

3,10,208,4

2,10,218,4

1,10,228,4

2,10,238,4

3,10,248,4

0,1,249,4

1,-3,246,4

0,10,256,4

1,10,266,4

2,10,276,4

1,10,286,4

2,10,296,4

1,10,306,4

0,10,316,4

0,10,326,4

0,10,336,4

1,10,346,4

3,10,356,4

3,10,366,4

3,10,376,4

3,10,386,4

3,10,396,4

2,10,406,4

3,10,416,4

0,10,426,4

1,10,436,4

0,10,446,4

1,10,456,4

2,10,466,4

1,10,476,4

2,10,486,4

3,10,496,4

2,10,506,4

1,10,516,4

2,10,526,4

3,10,536,4

2,10,546,4

1,10,556,4

2,10,566,4

1,10,576,4

2,10,586,4

1,10,596,4

2,10,606,4

1,10,616,4

2,10,626,4

1,10,636,4

3,10,646,4

3,10,656,4

3,10,666,4

3,10,676,4

2,10,686,4

1,10,696,4

2,10,706,4

1,10,716,4

2,10,726,4

1,10,736,4

2,10,746,4

1,10,756,4

2,1,757,4

1,1,758,4

0,10,768,4

1,10,778,4

0,10,788,4

1,10,798,4

3,10,808,4

3,10,818,4

3,10,828,4

3,-3,825,4

3,-3,822,4

3,-3,819,4

3,-3,816,4

3,-3,813,4

3,-3,810,4

2,1,811,4

1,1,812,4

2,-3,809,4

1,1,810,4

0,1,811,4

1,1,812,4

2,-3,809,4

1,1,810,4

0,1,811,4

1,10,821,4

0,10,831,4

0,10,841,4

1,10,851,4

2,10,861,4

1,10,871,4

2,10,881,4

1,10,891,4

2,1,892,4

1,1,893,4

0,10,903,4

1,10,913,4

2,1,914,4

1,-3,911,4

0,10,921,4

3,10,931,4

2,1,932,4

1,-3,929,4

0,10,939,4

3,10,949,4

0,10,959,4

0,10,969,4

1,10,979,4

3,10,989,4

3,10,999,4

0,10,1009,4

0,10,1019,4

1,10,1029,4

2,10,1039,4

1,10,1049,4

2,10,1059,4

1,10,1069,4

2,10,1079,4

1,10,1089,4

2,10,1099,4

1,10,1109,4

1,10,1119,4

2,1,1120,4

1,1,1121,4

0,10,1131,4

1,10,1141,4

0,10,1151,4

1,10,1161,4

3,10,1171,4

1,10,1181,4

3,10,1191,4

3,-3,1188,4

3,-3,1185,4

3,-3,1182,4

2,1,1183,4

1,1,1184,4

1,10,1194,4

0,10,1204,4

1,10,1214,4

2,10,1224,4

1,10,1234,4

1,10,1244,4

0,10,1254,4

1,10,1264,4

3,10,1274,4

3,10,1284,4

3,10,1294,4

2,10,1304,4

1,10,1314,4

1,10,1324,4

0,1,1325,4

0,10,1335,4

1,10,1345,4

2,1,1346,4

1,10,1356,4

3,10,1366,4

3,10,1376,4

3,10,1386,4

3,10,1396,4

3,10,1406,4

3,10,1416,4

2,10,1426,4

1,10,1436,4

1,10,1446,4

1,10,1456,4

1,10,1466,4

1,10,1476,4

0,10,1486,4

1,-3,1483,4

3,-3,1480,4

3,1,1481,4

2,1,1482,4

3,-3,1479,4

0,-3,1476,4

1,1,1477,4

2,1,1478,4

1,10,1488,4

0,10,1498,4

1,10,1508,4

2,10,1518,4

1,10,1528,4

0,10,1538,4

1,10,1548,4

2,10,1558,4

1,10,1568,4

1,10,1578,4

1,10,1588,4

0,1,1589,4

0,10,1599,4

0,10,1609,4

0,10,1619,4

0,10,1629,4

0,10,1639,4

1,-3,1636,4

3,-3,1633,4

3,-3,1630,4

3,-3,1627,4

3,-3,1624,4

3,-3,1621,4

3,-3,1618,4

3,-3,1615,4

3,-3,1612,4

3,-3,1609,4

3,-3,1606,4

3,-3,1603,4

3,-3,1600,4

3,-3,1597,4

3,-3,1594,4

3,-3,1591,4

3,-3,1588,4

3,-3,1585,4

3,-3,1582,4

3,-3,1579,4

3,-3,1576,4

3,-3,1573,4

3,-3,1570,4

3,-3,1567,4

3,-3,1564,4

3,-3,1561,4

3,-3,1558,4

3,-3,1555,4

3,-100,1455,4

1,1,1,5

0,1,2,5

0,1,3,5

0,1,4,5

0,1,5,5

1,-3,2,5

0,10,12,5

0,10,22,5

0,10,32,5

0,10,42,5

1,10,52,5

2,10,62,5

1,10,72,5

3,10,82,5

3,10,92,5

0,10,102,5

1,10,112,5

0,10,122,5

0,10,132,5

1,-3,129,5

3,1,130,5

2,10,140,5

3,10,150,5

0,-3,147,5

1,1,148,5

2,1,149,5

1,10,159,5

2,10,169,5

1,10,179,5

2,10,189,5

1,10,199,5

0,10,209,5

0,10,219,5

1,10,229,5

2,10,239,5

1,10,249,5

3,10,259,5

3,-3,256,5

0,10,266,5

0,10,276,5

0,10,286,5

0,10,296,5

1,1,297,5

0,10,307,5

1,10,317,5

0,10,327,5

0,10,337,5

1,10,347,5

2,10,357,5

1,10,367,5

2,10,377,5

1,10,387,5

2,10,397,5

1,10,407,5

2,10,417,5

1,10,427,5

0,10,437,5

1,10,447,5

3,10,457,5

3,10,467,5

3,10,477,5

0,10,487,5

1,10,497,5

2,10,507,5

1,10,517,5

2,10,527,5

3,10,537,5

3,10,547,5

2,10,557,5

3,10,567,5

0,10,577,5

0,10,587,5

1,10,597,5

2,-3,594,5

3,10,604,5

2,10,614,5

3,10,624,5

2,10,634,5

3,10,644,5

0,10,654,5

1,1,655,5

0,10,665,5

0,1,666,5

1,-3,663,5

3,1,664,5

2,1,665,5

1,10,675,5

2,10,685,5

1,10,695,5

0,1,696,5

1,10,706,5

0,10,716,5

3,10,726,5

2,-3,723,5

3,10,733,5

0,10,743,5

1,-3,740,5

2,1,741,5

1,10,751,5

2,10,761,5

1,10,771,5

2,10,781,5

1,10,791,5

2,10,801,5

0,10,811,5

1,10,821,5

2,10,831,5

1,10,841,5

0,10,851,5

0,10,861,5

0,10,871,5

0,10,881,5

0,10,891,5

0,10,901,5

1,10,911,5

3,10,921,5

3,10,931,5

3,10,941,5

3,10,951,5

2,1,952,5

1,10,962,5

2,10,972,5

3,10,982,5

0,-3,979,5

1,1,980,5

0,10,990,5

1,10,1000,5

3,10,1010,5

2,10,1020,5

1,10,1030,5

0,10,1040,5

1,10,1050,5

0,10,1060,5

1,10,1070,5

3,10,1080,5

2,10,1090,5

3,10,1100,5

2,10,1110,5

3,10,1120,5

0,10,1130,5

1,10,1140,5

2,10,1150,5

3,10,1160,5

2,10,1170,5

1,10,1180,5

0,-3,1177,5

1,1,1178,5

2,10,1188,5

1,10,1198,5

0,10,1208,5

1,1,1209,5

2,10,1219,5

1,10,1229,5

2,10,1239,5

1,10,1249,5

2,10,1259,5

3,10,1269,5

2,10,1279,5

1,10,1289,5

2,10,1299,5

1,10,1309,5

2,10,1319,5

1,10,1329,5

2,10,1339,5

1,10,1349,5

2,10,1359,5

1,10,1369,5

3,10,1379,5

0,10,1389,5

1,10,1399,5

3,10,1409,5

3,10,1419,5

2,10,1429,5

1,-3,1426,5

2,10,1436,5

3,10,1446,5

2,10,1456,5

1,10,1466,5

2,10,1476,5

1,10,1486,5

0,10,1496,5

1,1,1497,5

2,10,1507,5

1,10,1517,5

1,10,1527,5

1,10,1537,5

1,10,1547,5

0,10,1557,5

0,10,1567,5

1,10,1577,5

0,10,1587,5

1,10,1597,5

3,10,1607,5

3,10,1617,5

3,-3,1614,5

0,1,1615,5

0,10,1625,5

0,10,1635,5

0,10,1645,5

0,10,1655,5

0,10,1665,5

0,10,1675,5

0,10,1685,5

0,10,1695,5

1,10,1705,5

2,10,1715,5

1,10,1725,5

2,10,1735,5

3,10,1745,5

2,10,1755,5

1,10,1765,5

2,10,1775,5

3,10,1785,5

2,10,1795,5

1,10,1805,5

2,10,1815,5

1,10,1825,5

2,10,1835,5

3,10,1845,5

0,10,1855,5

1,1,1856,5

0,10,1866,5

1,10,1876,5

2,10,1886,5

1,10,1896,5

0,10,1906,5

0,10,1916,5

0,10,1926,5

0,10,1936,5

0,10,1946,5

0,10,1956,5

1,10,1966,5

2,10,1976,5

3,10,1986,5

2,10,1996,5

3,10,2006,5

0,10,2016,5

0,10,2026,5

1,-3,2023,5

0,10,2033,5

0,10,2043,5

1,10,2053,5

3,10,2063,5

3,10,2073,5

3,10,2083,5

3,10,2093,5

3,10,2103,5

2,1,2104,5

3,10,2114,5

0,1,2115,5

1,1,2116,5

2,-3,2113,5

1,10,2123,5

2,10,2133,5

1,1,2134,5

0,10,2144,5

1,10,2154,5

0,10,2164,5

1,10,2174,5

3,10,2184,5

3,10,2194,5

3,10,2204,5

3,10,2214,5

3,10,2224,5

3,10,2234,5

3,10,2244,5

2,-3,2241,5

1,10,2251,5

3,10,2261,5

0,10,2271,5

0,10,2281,5

1,10,2291,5

2,10,2301,5

1,10,2311,5

3,10,2321,5

3,-3,2318,5

3,-3,2315,5

3,-3,2312,5

3,1,2313,5

2,-3,2310,5

1,1,2311,5

0,1,2312,5

1,10,2322,5

2,-3,2319,5

1,10,2329,5

0,1,2330,5

1,10,2340,5

2,-3,2337,5

1,-3,2334,5

3,-3,2331,5

3,-3,2328,5

3,-3,2325,5

3,-3,2322,5

3,-3,2319,5

3,-3,2316,5

3,-3,2313,5

3,-3,2310,5

3,-3,2307,5

3,-3,2304,5

3,-3,2301,5

3,-3,2298,5

3,-3,2295,5

3,-3,2292,5

3,-3,2289,5

3,-3,2286,5

3,-3,2283,5

3,-3,2280,5

3,-3,2277,5

3,-3,2274,5

3,-3,2271,5

3,-3,2268,5

3,-3,2265,5

3,-3,2262,5

3,-3,2259,5

3,-3,2256,5

3,-3,2253,5

3,-3,2250,5

3,-100,2150,5

0,1,1,6

0,1,2,6

0,10,12,6

0,10,22,6

0,10,32,6

1,10,42,6

0,10,52,6

0,10,62,6

0,1,63,6

0,1,64,6

0,1,65,6

0,1,66,6

0,-3,63,6

1,-3,60,6

3,1,61,6

2,1,62,6

1,10,72,6

2,10,82,6

3,1,83,6

2,10,93,6

1,10,103,6

2,10,113,6

3,-3,110,6

2,10,120,6

1,10,130,6

3,1,131,6

0,1,132,6

1,10,142,6

2,10,152,6

1,10,162,6

2,10,172,6

1,10,182,6

2,10,192,6

1,10,202,6

2,10,212,6

1,10,222,6

2,10,232,6

1,10,242,6

2,10,252,6

1,10,262,6

3,10,272,6

3,10,282,6

3,10,292,6

3,10,302,6

3,10,312,6

3,10,322,6

2,10,332,6

1,10,342,6

2,10,352,6

1,10,362,6

1,10,372,6

1,10,382,6

1,10,392,6

1,10,402,6

0,10,412,6

1,10,422,6

3,10,432,6

3,1,433,6

3,10,443,6

2,10,453,6

1,10,463,6

1,10,473,6

1,10,483,6

0,-3,480,6

1,10,490,6

2,10,500,6

0,-3,497,6

1,1,498,6

0,10,508,6

1,10,518,6

0,10,528,6

0,10,538,6

1,10,548,6

0,10,558,6

1,10,568,6

3,10,578,6

3,10,588,6

3,-3,585,6

0,1,586,6

0,1,587,6

1,-3,584,6

3,-3,581,6

3,-3,578,6

3,-3,575,6

0,1,576,6

1,1,577,6

0,1,578,6

1,-3,575,6

0,1,576,6

0,1,577,6

0,10,587,6

0,-3,584,6

1,1,585,6

0,1,586,6

1,10,596,6

0,10,606,6

1,10,616,6

3,10,626,6

2,10,636,6

1,10,646,6

0,10,656,6

3,10,666,6

2,10,676,6

0,10,686,6

1,10,696,6

2,10,706,6

1,10,716,6

2,10,726,6

1,10,736,6

2,10,746,6

1,10,756,6

2,10,766,6

1,10,776,6

2,10,786,6

1,10,796,6

0,10,806,6

0,10,816,6

0,10,826,6

0,10,836,6

0,10,846,6

1,10,856,6

0,10,866,6

1,10,876,6

0,10,886,6

1,10,896,6

2,10,906,6

3,10,916,6

2,10,926,6

3,10,936,6

0,10,946,6

1,-3,943,6

3,1,944,6

0,10,954,6

1,10,964,6

2,10,974,6

1,10,984,6

2,10,994,6

3,10,1004,6

0,10,1014,6

0,10,1024,6

1,10,1034,6

2,10,1044,6

1,10,1054,6

1,-3,1051,6

0,10,1061,6

0,10,1071,6

1,10,1081,6

2,10,1091,6

1,10,1101,6

2,10,1111,6

1,10,1121,6

3,10,1131,6

3,10,1141,6

3,10,1151,6

3,10,1161,6

3,10,1171,6

0,10,1181,6

1,1,1182,6

2,10,1192,6

1,10,1202,6

2,1,1203,6

1,-3,1200,6

0,10,1210,6

0,1,1211,6

0,10,1221,6

0,10,1231,6

1,-3,1228,6

0,10,1238,6

1,10,1248,6

3,10,1258,6

0,10,1268,6

1,10,1278,6

2,10,1288,6

3,10,1298,6

0,10,1308,6

1,-3,1305,6

3,10,1315,6

2,10,1325,6

3,10,1335,6

0,1,1336,6

1,-3,1333,6

0,10,1343,6

0,10,1353,6

0,10,1363,6

1,10,1373,6

2,10,1383,6

3,10,1393,6

0,1,1394,6

1,-3,1391,6

2,1,1392,6

1,10,1402,6

2,10,1412,6

3,10,1422,6

2,10,1432,6

3,-3,1429,6

2,10,1439,6

3,1,1440,6

0,1,1441,6

1,-3,1438,6

0,1,1439,6

0,1,1440,6

0,-3,1437,6

1,-3,1434,6

3,1,1435,6

2,1,1436,6

1,10,1446,6

2,10,1456,6

1,10,1466,6

2,10,1476,6

1,10,1486,6

2,10,1496,6

1,10,1506,6

2,10,1516,6

3,10,1526,6

2,10,1536,6

3,10,1546,6

0,10,1556,6

0,10,1566,6

1,-3,1563,6

3,1,1564,6

2,-3,1561,6

1,10,1571,6

0,10,1581,6

0,10,1591,6

1,10,1601,6

3,10,1611,6

3,10,1621,6

3,10,1631,6

3,10,1641,6

3,10,1651,6

2,10,1661,6

1,10,1671,6

2,10,1681,6

3,10,1691,6

0,10,1701,6

1,-3,1698,6

2,1,1699,6

1,10,1709,6

2,10,1719,6

1,1,1720,6

2,-3,1717,6

1,10,1727,6

2,10,1737,6

1,10,1747,6

3,10,1757,6

3,10,1767,6

3,1,1768,6

3,-3,1765,6

3,-3,1762,6

3,1,1763,6

2,1,1764,6

1,1,1765,6

0,-3,1762,6

1,1,1763,6

2,10,1773,6

1,10,1783,6

2,10,1793,6

3,10,1803,6

2,10,1813,6

3,10,1823,6

2,10,1833,6

3,10,1843,6

2,10,1853,6

1,10,1863,6

2,10,1873,6

1,10,1883,6

2,10,1893,6

1,10,1903,6

3,-3,1900,6

3,-3,1897,6

3,-3,1894,6

0,1,1895,6

0,1,1896,6

0,1,1897,6

0,1,1898,6

0,-3,1895,6

1,-3,1892,6

3,-3,1889,6

3,-3,1886,6

3,-3,1883,6

3,-3,1880,6

3,-3,1877,6

3,-3,1874,6

3,-3,1871,6

3,-3,1868,6

3,-3,1865,6

3,-3,1862,6

3,-3,1859,6

3,-3,1856,6

3,-3,1853,6

3,-3,1850,6

3,-3,1847,6

3,-3,1844,6

3,-3,1841,6

3,-3,1838,6

3,-3,1835,6

3,-3,1832,6

3,-3,1829,6

3,-3,1826,6

3,-3,1823,6

3,-3,1820,6

3,-3,1817,6

3,-100,1717,6

1,1,1,7

1,1,2,7

1,1,3,7

1,1,4,7

1,1,5,7

1,10,15,7

0,10,25,7

1,10,35,7

3,1,36,7

2,10,46,7

1,10,56,7

1,10,66,7

1,10,76,7

1,10,86,7

0,10,96,7

1,10,106,7

3,10,116,7

3,10,126,7

3,10,136,7

3,10,146,7

3,10,156,7

3,-3,153,7

2,10,163,7

1,10,173,7

1,10,183,7

1,10,193,7

1,10,203,7

1,10,213,7

0,10,223,7

0,10,233,7

1,10,243,7

0,10,253,7

1,10,263,7

3,10,273,7

3,10,283,7

2,10,293,7

1,10,303,7

3,-3,300,7

0,10,310,7

1,10,320,7

2,10,330,7

1,10,340,7

2,1,341,7

1,10,351,7

2,10,361,7

1,-3,358,7

1,10,368,7

0,10,378,7

1,10,388,7

2,10,398,7

1,10,408,7

0,10,418,7

0,10,428,7

0,1,429,7

1,-3,426,7

0,10,436,7

0,10,446,7

1,-3,443,7

0,1,444,7

0,1,445,7

0,1,446,7

0,1,447,7

0,10,457,7

1,-3,454,7

0,1,455,7

1,10,465,7

2,10,475,7

1,10,485,7

0,10,495,7

1,10,505,7

0,-3,502,7

1,-3,499,7

0,1,500,7

0,10,510,7

1,10,520,7

0,10,530,7

1,10,540,7

3,10,550,7

3,10,560,7

3,10,570,7

3,10,580,7

2,10,590,7

1,10,600,7

2,10,610,7

1,10,620,7

3,10,630,7

2,10,640,7

1,10,650,7

2,10,660,7

1,10,670,7

0,10,680,7

1,-3,677,7

3,-3,674,7

0,10,684,7

0,10,694,7

1,10,704,7

0,10,714,7

1,10,724,7

2,10,734,7

3,10,744,7

0,10,754,7

0,10,764,7

1,10,774,7

0,10,784,7

1,10,794,7

2,10,804,7

1,10,814,7

2,10,824,7

0,10,834,7

1,10,844,7

0,10,854,7

1,10,864,7

2,1,865,7

1,10,875,7

2,1,876,7

1,10,886,7

3,10,896,7

3,10,906,7

0,10,916,7

1,10,926,7

3,10,936,7

3,-3,933,7

3,1,934,7

0,10,944,7

1,10,954,7

0,10,964,7

0,10,974,7

1,1,975,7

0,1,976,7

1,10,986,7

2,10,996,7

1,10,1006,7

3,1,1007,7

3,-3,1004,7

0,10,1014,7

0,10,1024,7

0,1,1025,7

1,-3,1022,7

3,-3,1019,7

2,1,1020,7

1,1,1021,7

2,10,1031,7

1,10,1041,7

2,10,1051,7

3,10,1061,7

2,10,1071,7

3,10,1081,7

2,1,1082,7

3,10,1092,7

2,10,1102,7

3,10,1112,7

2,10,1122,7

3,10,1132,7

0,-3,1129,7

1,-3,1126,7

0,1,1127,7

0,1,1128,7

1,-3,1125,7

3,1,1126,7

2,-3,1123,7

1,1,1124,7

0,1,1125,7

1,10,1135,7

0,-3,1132,7

1,1,1133,7

0,1,1134,7

1,10,1144,7

0,10,1154,7

0,10,1164,7

0,10,1174,7

0,10,1184,7

0,10,1194,7

1,10,1204,7

2,10,1214,7

1,10,1224,7

0,10,1234,7

1,10,1244,7

3,10,1254,7

3,10,1264,7

3,10,1274,7

3,10,1284,7

3,10,1294,7

0,10,1304,7

1,10,1314,7

2,10,1324,7

1,10,1334,7

2,10,1344,7

3,10,1354,7

0,10,1364,7

0,10,1374,7

1,10,1384,7

2,10,1394,7

3,1,1395,7

2,10,1405,7

1,10,1415,7

3,10,1425,7

2,10,1435,7

1,10,1445,7

2,10,1455,7

1,10,1465,7

3,-3,1462,7

0,10,1472,7

0,10,1482,7

1,10,1492,7

0,10,1502,7

1,10,1512,7

0,10,1522,7

1,10,1532,7

0,10,1542,7

1,10,1552,7

3,10,1562,7

2,10,1572,7

1,10,1582,7

2,10,1592,7

1,10,1602,7

2,10,1612,7

3,10,1622,7

0,10,1632,7

1,10,1642,7

2,10,1652,7

3,10,1662,7

0,10,1672,7

0,10,1682,7

1,10,1692,7

2,-3,1689,7

1,10,1699,7

2,10,1709,7

1,-3,1706,7

0,10,1716,7

0,-3,1713,7

0,1,1714,7

0,10,1724,7

0,10,1734,7

0,10,1744,7

1,-3,1741,7

3,-3,1738,7

3,-3,1735,7

3,-3,1732,7

3,-3,1729,7

3,-3,1726,7

3,-3,1723,7

3,-3,1720,7

3,-3,1717,7

3,-3,1714,7

3,-3,1711,7

3,-3,1708,7

3,-3,1705,7

3,-3,1702,7

3,-3,1699,7

3,-3,1696,7

3,-3,1693,7

3,-3,1690,7

3,-3,1687,7

3,-3,1684,7

3,-3,1681,7

3,-3,1678,7

3,-3,1675,7

3,-3,1672,7

3,-3,1669,7

3,-3,1666,7

3,-3,1663,7

3,-3,1660,7

3,-100,1560,7

1,1,1,8

0,1,2,8

1,1,3,8

0,1,4,8

1,1,5,8

0,1,6,8

1,1,7,8

0,10,17,8

0,10,27,8

0,10,37,8

1,10,47,8

2,10,57,8

3,-3,54,8

2,-3,51,8

1,1,52,8

0,1,53,8

1,10,63,8

2,10,73,8

1,10,83,8

2,1,84,8

1,10,94,8

2,10,104,8

1,10,114,8

0,10,124,8

1,10,134,8

2,1,135,8

1,10,145,8

0,-3,142,8

1,10,152,8

0,10,162,8

1,10,172,8

3,10,182,8

3,10,192,8

3,10,202,8

3,10,212,8

3,10,222,8

2,10,232,8

3,10,242,8

0,10,252,8

1,-3,249,8

2,1,250,8

1,10,260,8

2,10,270,8

1,10,280,8

2,10,290,8

1,10,300,8

0,10,310,8

1,10,320,8

2,10,330,8

3,-3,327,8

0,1,328,8

1,1,329,8

2,-3,326,8

1,10,336,8

2,10,346,8

1,-3,343,8

1,10,353,8

0,10,363,8

1,-3,360,8

0,10,370,8

0,10,380,8

0,1,381,8

0,10,391,8

0,10,401,8

0,10,411,8

0,10,421,8

0,10,431,8

1,10,441,8

0,-3,438,8

1,10,448,8

2,10,458,8

1,10,468,8

2,10,478,8

1,10,488,8

2,10,498,8

1,10,508,8

2,10,518,8

1,10,528,8

2,10,538,8

1,10,548,8

2,10,558,8

1,10,568,8

3,10,578,8

0,10,588,8

1,10,598,8

2,10,608,8

3,10,618,8

2,10,628,8

1,10,638,8

0,-3,635,8

0,1,636,8

0,10,646,8

0,10,656,8

0,10,666,8

0,10,676,8

0,10,686,8

0,10,696,8

0,10,706,8

1,10,716,8

3,10,726,8

3,-3,723,8

2,-3,720,8

3,10,730,8

0,-3,727,8

1,1,728,8

2,-3,725,8

1,1,726,8

0,10,736,8

1,-3,733,8

0,10,743,8

0,10,753,8

1,10,763,8

2,1,764,8

1,10,774,8

0,10,784,8

1,-3,781,8

0,10,791,8

0,10,801,8

1,10,811,8

0,1,812,8

1,10,822,8

3,10,832,8

3,10,842,8

3,10,852,8

0,10,862,8

0,10,872,8

0,10,882,8

0,10,892,8

0,10,902,8

0,10,912,8

1,10,922,8

0,10,932,8

1,-3,929,8

3,-3,926,8

0,10,936,8

0,10,946,8

1,10,956,8

2,10,966,8

1,10,976,8

2,10,986,8

1,10,996,8

0,10,1006,8

0,10,1016,8

1,10,1026,8

0,10,1036,8

0,10,1046,8

1,1,1047,8

2,1,1048,8

1,10,1058,8

2,10,1068,8

1,10,1078,8

3,1,1079,8

2,10,1089,8

3,10,1099,8

2,10,1109,8

1,10,1119,8

3,10,1129,8

2,10,1139,8

3,10,1149,8

2,10,1159,8

3,10,1169,8

0,10,1179,8

1,1,1180,8

0,10,1190,8

1,-3,1187,8

2,1,1188,8

1,10,1198,8

2,10,1208,8

3,10,1218,8

2,10,1228,8

3,10,1238,8

0,-3,1235,8

1,-3,1232,8

2,10,1242,8

3,10,1252,8

2,10,1262,8

3,10,1272,8

0,10,1282,8

1,-3,1279,8

3,1,1280,8

0,-3,1277,8

1,10,1287,8

0,10,1297,8

1,10,1307,8

2,10,1317,8

1,10,1327,8

0,10,1337,8

1,10,1347,8

0,10,1357,8

1,10,1367,8

0,10,1377,8

0,10,1387,8

1,-3,1384,8

0,1,1385,8

0,1,1386,8

1,-3,1383,8

3,-3,1380,8

3,-3,1377,8

3,-3,1374,8

3,-3,1371,8

3,-3,1368,8

3,-3,1365,8

3,1,1366,8

2,1,1367,8

1,1,1368,8

2,1,1369,8

1,1,1370,8

2,1,1371,8

1,1,1372,8

2,1,1373,8

1,1,1374,8

2,1,1375,8

1,1,1376,8

2,-3,1373,8

0,-3,1370,8

1,1,1371,8

0,1,1372,8

1,10,1382,8

2,10,1392,8

1,1,1393,8

3,10,1403,8

2,10,1413,8

1,10,1423,8

0,10,1433,8

0,10,1443,8

0,10,1453,8

1,10,1463,8

2,10,1473,8

3,10,1483,8

2,10,1493,8

3,-3,1490,8

0,10,1500,8

0,10,1510,8

1,-3,1507,8

0,10,1517,8

1,10,1527,8

0,10,1537,8

1,10,1547,8

3,10,1557,8

3,10,1567,8

3,10,1577,8

3,10,1587,8

3,10,1597,8

0,10,1607,8

0,10,1617,8

1,10,1627,8

2,10,1637,8

1,10,1647,8

2,10,1657,8

1,10,1667,8

2,10,1677,8

1,10,1687,8

3,10,1697,8

0,10,1707,8

1,10,1717,8

0,10,1727,8

1,10,1737,8

0,10,1747,8

1,10,1757,8

2,10,1767,8

3,10,1777,8

0,10,1787,8

1,1,1788,8

3,10,1798,8

2,10,1808,8

3,1,1809,8

2,10,1819,8

3,10,1829,8

2,10,1839,8

3,1,1840,8

2,10,1850,8

3,10,1860,8

2,10,1870,8

3,10,1880,8

0,10,1890,8

1,-3,1887,8

3,-3,1884,8

2,1,1885,8

1,10,1895,8

3,10,1905,8

3,10,1915,8

3,10,1925,8

2,10,1935,8

3,10,1945,8

0,10,1955,8

0,10,1965,8

1,1,1966,8

0,10,1976,8

1,-3,1973,8

3,-3,1970,8

0,10,1980,8

0,10,1990,8

1,1,1991,8

3,-3,1988,8

0,1,1989,8

0,1,1990,8

1,-3,1987,8

3,-3,1984,8

3,-3,1981,8

3,-3,1978,8

3,-3,1975,8

3,-3,1972,8

3,-3,1969,8

3,-3,1966,8

3,-3,1963,8

3,-3,1960,8

3,-3,1957,8

3,-3,1954,8

3,-3,1951,8

3,-3,1948,8

3,-3,1945,8

3,-3,1942,8

3,-3,1939,8

3,-3,1936,8

3,-3,1933,8

3,-3,1930,8

3,-3,1927,8

3,-3,1924,8

3,-3,1921,8

3,-3,1918,8

3,-3,1915,8

3,-3,1912,8

3,-3,1909,8

3,-3,1906,8

3,-100,1806,8

1,1,1,9

0,1,2,9

1,1,3,9

2,-3,0,9

1,1,1,9

0,1,2,9

1,1,3,9

2,-3,0,9

1,1,1,9

0,1,2,9

1,10,12,9

0,-3,9,9

1,1,10,9

0,1,11,9

1,1,12,9

0,10,22,9

0,10,32,9

1,1,33,9

0,10,43,9

1,10,53,9

2,10,63,9

1,10,73,9

2,10,83,9

1,10,93,9

0,10,103,9

1,10,113,9

0,10,123,9

0,10,133,9

1,10,143,9

2,10,153,9

1,10,163,9

3,-3,160,9

3,-3,157,9

0,1,158,9

1,1,159,9

0,-3,156,9

1,10,166,9

2,10,176,9

1,10,186,9

2,10,196,9

3,10,206,9

2,10,216,9

1,10,226,9

2,10,236,9

1,10,246,9

2,10,256,9

1,10,266,9

2,1,267,9

1,10,277,9

0,10,287,9

1,10,297,9

0,1,298,9

1,10,308,9

0,10,318,9

0,10,328,9

0,10,338,9

0,10,348,9

0,10,358,9

0,-3,355,9

0,10,365,9

0,-3,362,9

1,-3,359,9

0,10,369,9

1,10,379,9

0,10,389,9

0,10,399,9

1,10,409,9

2,10,419,9

1,10,429,9

2,10,439,9

3,10,449,9

0,1,450,9

0,1,451,9

1,10,461,9

2,1,462,9

1,10,472,9

2,10,482,9

1,10,492,9

0,10,502,9

1,10,512,9

2,10,522,9

1,10,532,9

2,10,542,9

1,10,552,9

3,1,553,9

3,-3,550,9

3,-3,547,9

3,-3,544,9

3,-3,541,9

0,10,551,9

1,10,561,9

0,10,571,9

0,10,581,9

1,10,591,9

0,10,601,9

1,10,611,9

2,10,621,9

1,10,631,9

0,10,641,9

1,1,642,9

0,10,652,9

0,10,662,9

0,10,672,9

0,10,682,9

1,10,692,9

3,10,702,9

0,10,712,9

1,10,722,9

0,10,732,9

0,10,742,9

1,10,752,9

2,10,762,9

1,10,772,9

0,1,773,9

1,1,774,9

0,10,784,9

0,10,794,9

0,10,804,9

1,10,814,9

2,10,824,9

3,10,834,9

2,-3,831,9

0,1,832,9

1,-3,829,9

3,-3,826,9

3,-3,823,9

3,-3,820,9

0,1,821,9

1,1,822,9

0,10,832,9

1,10,842,9

2,10,852,9

1,10,862,9

0,10,872,9

1,10,882,9

2,10,892,9

1,1,893,9

3,-3,890,9

3,-3,887,9

0,1,888,9

1,10,898,9

0,10,908,9

0,10,918,9

1,10,928,9

2,10,938,9

1,10,948,9

2,10,958,9

1,10,968,9

3,-3,965,9

0,1,966,9

0,10,976,9

1,-3,973,9

3,-3,970,9

3,-3,967,9

3,-3,964,9

3,-3,961,9

3,-3,958,9

3,-3,955,9

2,1,956,9

1,1,957,9

2,1,958,9

1,1,959,9

3,-3,956,9

3,1,957,9

2,1,958,9

3,1,959,9

2,1,960,9

3,1,961,9

2,1,962,9

3,-3,959,9

2,1,960,9

1,1,961,9

3,-3,958,9

3,-3,955,9

3,-3,952,9

3,-3,949,9

2,1,950,9

3,1,951,9

2,1,952,9

3,1,953,9

0,-3,950,9

1,-3,947,9

3,-3,944,9

3,1,945,9

0,-3,942,9

1,1,943,9

2,1,944,9

1,10,954,9

2,10,964,9

1,1,965,9

0,-3,962,9

1,10,972,9

0,1,973,9

2,-3,970,9

0,1,971,9

1,-3,968,9

0,1,969,9

0,10,979,9

1,10,989,9

0,10,999,9

1,10,1009,9

0,10,1019,9

0,10,1029,9

1,10,1039,9

3,10,1049,9

3,10,1059,9

3,10,1069,9

2,10,1079,9

3,10,1089,9

2,10,1099,9

3,10,1109,9

2,10,1119,9

3,10,1129,9

2,10,1139,9

3,-3,1136,9

2,10,1146,9

1,10,1156,9

3,10,1166,9

3,1,1167,9

0,10,1177,9

1,10,1187,9

3,-3,1184,9

0,1,1185,9

1,10,1195,9

2,1,1196,9

1,10,1206,9

2,10,1216,9

1,10,1226,9

2,10,1236,9

1,10,1246,9

3,-3,1243,9

3,1,1244,9

2,10,1254,9

1,10,1264,9

0,-3,1261,9

1,1,1262,9

0,10,1272,9

1,1,1273,9

0,10,1283,9

1,-3,1280,9

0,1,1281,9

1,10,1291,9

0,10,1301,9

0,10,1311,9

1,10,1321,9

3,-3,1318,9

3,-3,1315,9

3,-3,1312,9

3,-3,1309,9

3,-3,1306,9

3,-3,1303,9

1,-3,1300,9

3,-3,1297,9

3,-3,1294,9

3,-3,1291,9

3,-3,1288,9

3,-3,1285,9

3,-3,1282,9

3,-3,1279,9

3,-3,1276,9

3,-3,1273,9

3,-3,1270,9

3,-3,1267,9

3,-3,1264,9

3,-3,1261,9

3,-3,1258,9

3,-3,1255,9

3,-3,1252,9

3,-3,1249,9

3,-3,1246,9

3,-3,1243,9

3,-3,1240,9

3,-3,1237,9

3,-3,1234,9

3,-3,1231,9

3,-100,1131,9

0,1,1,10

0,1,2,10

0,1,3,10

0,1,4,10

0,1,5,10

0,1,6,10

0,1,7,10

0,10,17,10

0,10,27,10

0,10,37,10

0,10,47,10

1,-3,44,10

2,1,45,10

1,1,46,10

2,1,47,10

1,1,48,10

0,-3,45,10

1,1,46,10

2,1,47,10

1,10,57,10

0,-3,54,10

1,10,64,10

2,-3,61,10

1,1,62,10

2,1,63,10

1,10,73,10

2,1,74,10

1,10,84,10

0,-3,81,10

1,10,91,10

2,1,92,10

1,10,102,10

0,1,103,10

1,10,113,10

3,-3,110,10

3,-3,107,10

0,10,117,10

0,10,127,10

0,10,137,10

0,10,147,10

1,10,157,10

3,1,158,10

3,-3,155,10

3,1,156,10

2,-3,153,10

1,1,154,10

0,10,164,10

1,10,174,10

2,-3,171,10

1,10,181,10

0,1,182,10

1,10,192,10

3,10,202,10

2,10,212,10

1,-3,209,10

0,-3,206,10

1,-3,203,10

0,10,213,10

0,10,223,10

1,10,233,10

0,10,243,10

0,10,253,10

1,10,263,10

3,10,273,10

0,10,283,10

0,10,293,10

0,10,303,10

0,10,313,10

0,10,323,10

0,10,333,10

0,10,343,10

1,-3,340,10

3,-3,337,10

3,-3,334,10

3,-3,331,10

3,-3,328,10

2,1,329,10

1,1,330,10

0,-3,327,10

1,1,328,10

2,1,329,10

1,1,330,10

0,-3,327,10

1,1,328,10

2,1,329,10

1,1,330,10

0,-3,327,10

1,1,328,10

2,10,338,10

1,10,348,10

2,10,358,10

3,10,368,10

2,10,378,10

1,10,388,10

2,10,398,10

3,10,408,10

2,10,418,10

1,10,428,10

2,10,438,10

3,10,448,10

2,10,458,10

3,10,468,10

2,10,478,10

3,10,488,10

2,10,498,10

3,10,508,10

2,10,518,10

1,10,528,10

0,10,538,10

0,-3,535,10

1,10,545,10

0,10,555,10

0,-3,552,10

1,-3,549,10

0,1,550,10

1,1,551,10

0,1,552,10

1,10,562,10

2,10,572,10

1,10,582,10

2,10,592,10

1,10,602,10

0,10,612,10

1,-3,609,10

0,10,619,10

1,10,629,10

0,1,630,10

0,10,640,10

1,10,650,10

2,10,660,10

1,10,670,10

3,10,680,10

3,10,690,10

0,-3,687,10

1,10,697,10

2,10,707,10

1,10,717,10

2,10,727,10

1,10,737,10

2,10,747,10

1,10,757,10

2,10,767,10

1,10,777,10

2,10,787,10

1,10,797,10

3,10,807,10

3,10,817,10

3,10,827,10

0,10,837,10

1,10,847,10

0,10,857,10

0,10,867,10

0,10,877,10

1,10,887,10

2,10,897,10

1,10,907,10

2,10,917,10

1,10,927,10

2,10,937,10

1,10,947,10

2,10,957,10

3,10,967,10

0,10,977,10

1,1,978,10

2,1,979,10

1,10,989,10

2,10,999,10

1,10,1009,10

3,10,1019,10

3,10,1029,10

0,10,1039,10

1,10,1049,10

2,10,1059,10

3,10,1069,10

2,10,1079,10

1,10,1089,10

2,10,1099,10

3,1,1100,10

2,10,1110,10

3,10,1120,10

2,10,1130,10

3,10,1140,10

0,10,1150,10

1,10,1160,10

2,10,1170,10

3,10,1180,10

2,10,1190,10

3,10,1200,10

0,10,1210,10

1,-3,1207,10

3,1,1208,10

2,10,1218,10

3,10,1228,10

2,10,1238,10

3,10,1248,10

2,10,1258,10

1,10,1268,10

0,10,1278,10

1,10,1288,10

2,10,1298,10

3,10,1308,10

2,10,1318,10

3,10,1328,10

2,10,1338,10

1,10,1348,10

3,10,1358,10

0,10,1368,10

1,10,1378,10

2,10,1388,10

3,10,1398,10

2,10,1408,10

3,10,1418,10

2,10,1428,10

3,10,1438,10

2,10,1448,10

1,10,1458,10

3,10,1468,10

0,10,1478,10

1,10,1488,10

0,10,1498,10

1,10,1508,10

2,10,1518,10

3,10,1528,10

2,10,1538,10

1,10,1548,10

3,-3,1545,10

3,-3,1542,10

3,-3,1539,10

0,1,1540,10

1,-3,1537,10

0,10,1547,10

0,-3,1544,10

0,1,1545,10

1,1,1546,10

0,10,1556,10

1,1,1557,10

0,10,1567,10

1,10,1577,10

0,10,1587,10

1,10,1597,10

2,10,1607,10

3,10,1617,10

2,10,1627,10

3,1,1628,10

0,-3,1625,10

1,10,1635,10

3,1,1636,10

2,10,1646,10

1,10,1656,10

3,10,1666,10

3,10,1676,10

3,10,1686,10

3,10,1696,10

2,10,1706,10

3,10,1716,10

0,10,1726,10

0,10,1736,10

0,10,1746,10

0,10,1756,10

1,10,1766,10

2,10,1776,10

1,10,1786,10

2,10,1796,10

1,10,1806,10

2,10,1816,10

1,10,1826,10

2,10,1836,10

1,10,1846,10

0,10,1856,10

0,10,1866,10

0,10,1876,10

0,10,1886,10

0,10,1896,10

1,10,1906,10

3,10,1916,10

3,10,1926,10

3,10,1936,10

3,1,1937,10

0,10,1947,10

1,10,1957,10

2,10,1967,10

1,10,1977,10

2,10,1987,10

1,10,1997,10

2,10,2007,10

3,10,2017,10

0,-3,2014,10

1,-3,2011,10

0,-3,2008,10

1,1,2009,10

2,10,2019,10

1,10,2029,10

2,10,2039,10

1,10,2049,10

0,10,2059,10

0,10,2069,10

1,-3,2066,10

2,10,2076,10

3,10,2086,10

2,10,2096,10

3,10,2106,10

2,10,2116,10

1,10,2126,10

0,10,2136,10

1,10,2146,10

2,10,2156,10

3,10,2166,10

2,10,2176,10

3,10,2186,10

2,10,2196,10

1,10,2206,10

0,10,2216,10

1,10,2226,10

2,10,2236,10

3,10,2246,10

2,10,2256,10

1,10,2266,10

0,10,2276,10

1,10,2286,10

2,10,2296,10

3,10,2306,10

2,10,2316,10

3,10,2326,10

2,10,2336,10

3,10,2346,10

2,10,2356,10

1,10,2366,10

3,-3,2363,10

3,-3,2360,10

2,1,2361,10

1,1,2362,10

2,-3,2359,10

1,1,2360,10

0,10,2370,10

1,10,2380,10

3,10,2390,10

2,10,2400,10

3,10,2410,10

2,-3,2407,10

1,-3,2404,10

0,10,2414,10

1,1,2415,10

2,10,2425,10

1,10,2435,10

0,10,2445,10

1,-3,2442,10

0,1,2443,10

0,10,2453,10

0,10,2463,10

0,10,2473,10

1,-3,2470,10

0,1,2471,10

0,10,2481,10

0,10,2491,10

0,10,2501,10

1,-3,2498,10

3,-3,2495,10

3,-3,2492,10

3,-3,2489,10

3,-3,2486,10

3,-3,2483,10

3,-3,2480,10

3,-3,2477,10

3,-3,2474,10

3,-3,2471,10

3,-3,2468,10

3,-3,2465,10

3,-3,2462,10

3,-3,2459,10

3,-3,2456,10

3,-3,2453,10

3,-3,2450,10

3,-3,2447,10

3,-3,2444,10

3,-3,2441,10

3,-3,2438,10

3,-3,2435,10

3,-3,2432,10

3,-3,2429,10

3,-3,2426,10

3,-3,2423,10

3,-3,2420,10

3,-3,2417,10

3,-100,2317,10

1,1,1,11

0,1,2,11

1,1,3,11

0,1,4,11

1,1,5,11

0,1,6,11

1,1,7,11

0,1,8,11

1,1,9,11

0,1,10,11

1,1,11,11

0,10,21,11

0,-3,18,11

1,1,19,11

0,-3,16,11

1,1,17,11

2,1,18,11

1,1,19,11

0,-3,16,11

1,1,17,11

2,1,18,11

1,1,19,11

0,-3,16,11

1,10,26,11

3,-3,23,11

3,-3,20,11

3,-3,17,11

0,1,18,11

1,1,19,11

0,10,29,11

0,10,39,11

0,-3,36,11

1,-3,33,11

0,10,43,11

0,10,53,11

0,10,63,11

1,1,64,11

3,1,65,11

0,10,75,11

0,10,85,11

1,10,95,11

2,10,105,11

1,10,115,11

2,10,125,11

1,10,135,11

2,10,145,11

1,10,155,11

2,10,165,11

3,10,175,11

0,1,176,11

0,10,186,11

1,10,196,11

2,10,206,11

1,10,216,11

0,10,226,11

1,10,236,11

0,10,246,11

0,10,256,11

1,10,266,11

3,-3,263,11

0,10,273,11

0,10,283,11

0,10,293,11

0,10,303,11

1,-3,300,11

3,-3,297,11

3,-3,294,11

2,1,295,11

1,1,296,11

2,1,297,11

1,1,298,11

2,1,299,11

1,1,300,11

2,10,310,11

3,10,320,11

2,10,330,11

3,10,340,11

2,10,350,11

3,10,360,11

0,10,370,11

0,10,380,11

1,-3,377,11

2,1,378,11

1,1,379,11

2,1,380,11

1,10,390,11

2,10,400,11

1,10,410,11

3,10,420,11

3,10,430,11

3,-3,427,11

0,1,428,11

0,10,438,11

1,-3,435,11

3,-3,432,11

3,1,433,11

0,1,434,11

1,1,435,11

0,-3,432,11

1,10,442,11

0,10,452,11

1,1,453,11

0,10,463,11

0,10,473,11

1,10,483,11

0,10,493,11

0,10,503,11

1,10,513,11

2,-3,510,11

1,10,520,11

0,10,530,11

0,10,540,11

1,10,550,11

0,10,560,11

1,10,570,11

3,10,580,11

3,1,581,11

0,10,591,11

0,10,601,11

0,10,611,11

1,10,621,11

2,1,622,11

1,10,632,11

0,1,633,11

1,10,643,11

2,1,644,11

1,10,654,11

0,1,655,11

1,10,665,11

2,-3,662,11

1,1,663,11

0,1,664,11

1,1,665,11

2,-3,662,11

1,1,663,11

0,1,664,11

1,10,674,11

2,1,675,11

1,10,685,11

2,1,686,11

1,10,696,11

0,10,706,11

1,-3,703,11

2,1,704,11

1,10,714,11

2,1,715,11

1,10,725,11

0,-3,722,11

1,10,732,11

0,10,742,11

0,1,743,11

1,-3,740,11

3,-3,737,11

3,-3,734,11

3,-3,731,11

3,-3,728,11

3,-3,725,11

0,-3,722,11

1,-3,719,11

3,-3,716,11

3,1,717,11

2,1,718,11

1,1,719,11

2,1,720,11

1,1,721,11

2,1,722,11

1,1,723,11

2,1,724,11

1,1,725,11

2,1,726,11

1,1,727,11

2,1,728,11

1,1,729,11

2,-3,726,11

1,1,727,11

0,1,728,11

1,10,738,11

2,1,739,11

0,-3,736,11

1,-3,733,11

0,1,734,11

0,10,744,11

1,-3,741,11

0,10,751,11

0,10,761,11

1,1,762,11

0,10,772,11

0,10,782,11

2,1,783,11

1,10,793,11

3,-3,790,11

2,10,800,11

3,-3,797,11

2,-3,794,11

3,1,795,11

0,1,796,11

1,-3,793,11

3,-3,790,11

3,1,791,11

2,1,792,11

1,1,793,11

2,10,803,11

1,1,804,11

3,-3,801,11

3,-3,798,11

3,1,799,11

2,1,800,11

3,-3,797,11

2,1,798,11

3,1,799,11

2,10,809,11

1,10,819,11

3,-3,816,11

0,1,817,11

1,10,827,11

2,1,828,11

1,10,838,11

2,1,839,11

1,10,849,11

3,-3,846,11

3,-3,843,11

3,-3,840,11

3,-3,837,11

3,-3,834,11

3,-3,831,11

0,1,832,11

1,-3,829,11

0,1,830,11

0,1,831,11

0,1,832,11

0,10,842,11

0,10,852,11

1,-3,849,11

3,-3,846,11

3,-3,843,11

3,-3,840,11

3,-3,837,11

3,-3,834,11

3,-3,831,11

3,-3,828,11

3,-3,825,11

3,-3,822,11

3,-3,819,11

3,-3,816,11

3,-3,813,11

3,-3,810,11

3,-3,807,11

3,-3,804,11

3,-3,801,11

3,-3,798,11

3,-3,795,11

0,-3,792,11

1,-3,789,11

3,-3,786,11

3,-3,783,11

3,-3,780,11

3,-3,777,11

3,-3,774,11

3,-3,771,11

3,-3,768,11

3,-3,765,11

3,-3,762,11

3,-3,759,11

3,-3,756,11

3,-100,656,11

1,1,1,12

1,1,2,12

1,1,3,12

1,1,4,12

1,1,5,12

1,1,6,12

1,1,7,12

1,1,8,12

1,1,9,12

1,1,10,12

1,10,20,12

1,10,30,12

0,10,40,12

1,10,50,12

2,10,60,12

1,10,70,12

0,10,80,12

1,10,90,12

2,10,100,12

1,10,110,12

0,10,120,12

1,10,130,12

2,10,140,12

1,10,150,12

0,10,160,12

0,-3,157,12

0,1,158,12

1,-3,155,12

0,1,156,12

1,1,157,12

0,1,158,12

1,10,168,12

2,1,169,12

1,10,179,12

0,-3,176,12

1,1,177,12

0,10,187,12

1,10,197,12

0,10,207,12

0,10,217,12

1,-3,214,12

3,-3,211,12

2,1,212,12

1,10,222,12

2,10,232,12

1,10,242,12

0,10,252,12

1,10,262,12

2,10,272,12

1,10,282,12

2,10,292,12

1,10,302,12

2,10,312,12

3,10,322,12

0,10,332,12

1,1,333,12

2,1,334,12

1,10,344,12

2,10,354,12

1,10,364,12

2,10,374,12

1,-3,371,12

0,10,381,12

0,1,382,12

0,10,392,12

1,10,402,12

0,10,412,12

0,10,422,12

0,10,432,12

0,10,442,12

0,10,452,12

0,10,462,12

0,1,463,12

1,-3,460,12

2,10,470,12

3,10,480,12

0,-3,477,12

1,-3,474,12

0,1,475,12

0,1,476,12

1,-3,473,12

0,1,474,12

0,1,475,12

1,-3,472,12

3,-3,469,12

3,-3,466,12

3,1,467,12

0,1,468,12

1,1,469,12

0,1,470,12

1,-3,467,12

0,1,468,12

0,10,478,12

0,-3,475,12

0,1,476,12

1,-3,473,12

0,10,483,12

1,-3,480,12

0,10,490,12

0,10,500,12

1,10,510,12

0,10,520,12

1,10,530,12

0,10,540,12

1,10,550,12

2,10,560,12

3,10,570,12

2,10,580,12

1,10,590,12

0,-3,587,12

0,1,588,12

0,1,589,12

1,-3,586,12

3,-3,583,12

3,-3,580,12

3,-3,577,12

3,-3,574,12

3,-3,571,12

2,1,572,12

1,1,573,12

2,1,574,12

1,1,575,12

2,1,576,12

1,1,577,12

2,1,578,12

1,1,579,12

2,10,589,12

1,1,590,12

3,-3,587,12

3,-3,584,12

3,1,585,12

2,1,586,12

1,10,596,12

2,10,606,12

1,10,616,12

0,10,626,12

1,-3,623,12

3,-3,620,12

3,-3,617,12

3,-3,614,12

3,-3,611,12

3,-3,608,12

3,1,609,12

2,1,610,12

1,1,611,12

2,1,612,12

1,10,622,12

2,1,623,12

1,10,633,12

0,1,634,12

1,10,644,12

2,10,654,12

3,1,655,12

2,1,656,12

1,10,666,12

0,10,676,12

1,-3,673,12

3,-3,670,12

3,-3,667,12

3,-3,664,12

3,1,665,12

2,1,666,12

1,1,667,12

0,-3,664,12

1,1,665,12

2,1,666,12

1,1,667,12

0,-3,664,12

1,10,674,12

0,1,675,12

1,10,685,12

3,10,695,12

3,10,705,12

3,10,715,12

3,10,725,12

3,10,735,12

3,10,745,12

2,10,755,12

3,10,765,12

0,10,775,12

0,10,785,12

0,10,795,12

1,10,805,12

3,-3,802,12

2,10,812,12

1,10,822,12

2,10,832,12

3,10,842,12

2,10,852,12

3,10,862,12

2,10,872,12

1,10,882,12

0,1,883,12

1,10,893,12

0,1,894,12

1,10,904,12

2,10,914,12

1,10,924,12

2,10,934,12

1,10,944,12

3,1,945,12

3,-3,942,12

3,-3,939,12

3,-3,936,12

3,-3,933,12

3,-3,930,12

3,-3,927,12

3,-3,924,12

3,-3,921,12

3,-3,918,12

3,-3,915,12

3,-3,912,12

3,-3,909,12

3,-3,906,12

3,-3,903,12

3,-3,900,12

3,-3,897,12

3,-3,894,12

3,-3,891,12

3,-3,888,12

3,-3,885,12

3,-3,882,12

3,-3,879,12

3,-3,876,12

3,-3,873,12

3,-3,870,12

3,-3,867,12

3,-3,864,12

3,-3,861,12

3,-3,858,12

3,-3,855,12

3,-3,852,12

3,-3,849,12

3,-3,846,12

3,-3,843,12

3,-3,840,12

3,-3,837,12

2,1,838,12

3,1,839,12

2,1,840,12

3,1,841,12

2,1,842,12

3,1,843,12

2,1,844,12

3,1,845,12

2,1,846,12

3,1,847,12

2,1,848,12

3,1,849,12

2,1,850,12

3,1,851,12

2,1,852,12

3,1,853,12

2,1,854,12

3,1,855,12

2,1,856,12

3,1,857,12

0,-3,854,12

1,-3,851,12

3,-3,848,12

3,-3,845,12

3,-3,842,12

3,-3,839,12

3,-3,836,12

3,-3,833,12

3,-3,830,12

3,-3,827,12

3,-3,824,12

3,-3,821,12

3,-100,721,12

1,1,1,13

1,1,2,13

1,1,3,13

1,1,4,13

1,1,5,13

1,1,6,13

1,1,7,13

1,1,8,13

1,1,9,13

1,1,10,13

1,1,11,13

1,10,21,13

0,-3,18,13

1,1,19,13

0,1,20,13

1,1,21,13

0,10,31,13

1,10,41,13

2,1,42,13

1,10,52,13

0,-3,49,13

0,1,50,13

1,-3,47,13

3,-3,44,13

3,-3,41,13

3,1,42,13

0,1,43,13

1,1,44,13

0,1,45,13

1,1,46,13

0,10,56,13

1,10,66,13

0,10,76,13

0,10,86,13

1,1,87,13

0,1,88,13

0,1,89,13

0,-3,86,13

1,-3,83,13

3,-3,80,13

0,1,81,13

1,1,82,13

0,10,92,13

0,1,93,13

0,1,94,13

1,-3,91,13

3,-3,88,13

3,-3,85,13

2,-3,82,13

1,1,83,13

0,1,84,13

1,1,85,13

2,-3,82,13

1,1,83,13

0,1,84,13

1,10,94,13

3,10,104,13

3,10,114,13

3,-3,111,13

3,-3,108,13

3,-3,105,13

3,-3,102,13

0,1,103,13

1,1,104,13

0,1,105,13

1,-3,102,13

0,1,103,13

0,10,113,13

0,10,123,13

1,-3,120,13

0,1,121,13

0,10,131,13

1,-3,128,13

0,10,138,13

0,10,148,13

1,1,149,13

0,10,159,13

0,10,169,13

1,10,179,13

0,10,189,13

1,-3,186,13

3,-3,183,13

3,-3,180,13

3,-3,177,13

2,1,178,13

1,-3,175,13

3,-3,172,13

3,-3,169,13

3,-3,166,13

3,1,167,13

2,1,168,13

1,1,169,13

2,1,170,13

1,1,171,13

2,1,172,13

1,1,173,13

2,1,174,13

1,1,175,13

3,-3,172,13

3,-3,169,13

3,-3,166,13

2,1,167,13

1,-3,164,13

3,1,165,13

2,10,175,13

1,10,185,13

2,10,195,13

3,10,205,13

2,10,215,13

1,10,225,13

0,10,235,13

1,1,236,13

2,10,246,13

3,10,256,13

2,10,266,13

3,10,276,13

2,10,286,13

1,10,296,13

3,10,306,13

3,10,316,13

3,10,326,13

3,10,336,13

2,10,346,13

1,10,356,13

0,10,366,13

0,10,376,13

0,-3,373,13

1,-3,370,13

3,-3,367,13

2,1,368,13

1,1,369,13

2,1,370,13

1,1,371,13

2,1,372,13

1,10,382,13

3,-3,379,13

3,-3,376,13

3,-3,373,13

3,-3,370,13

3,-3,367,13

0,1,368,13

1,1,369,13

0,-3,366,13

1,1,367,13

2,1,368,13

1,1,369,13

0,-3,366,13

1,10,376,13

0,1,377,13

1,10,387,13

0,10,397,13

1,-3,394,13

2,10,404,13

3,10,414,13

2,10,424,13

1,10,434,13

3,10,444,13

3,10,454,13

0,10,464,13

0,10,474,13

0,10,484,13

0,10,494,13

0,10,504,13

1,1,505,13

0,10,515,13

1,-3,512,13

3,-3,509,13

3,-3,506,13

3,1,507,13

0,1,508,13

1,1,509,13

0,1,510,13

1,10,520,13

2,1,521,13

1,10,531,13

3,10,541,13

3,10,551,13

0,10,561,13

1,10,571,13

0,-3,568,13

0,1,569,13

1,-3,566,13

3,-3,563,13

3,-3,560,13

3,-3,557,13

3,-3,554,13

3,-3,551,13

3,-3,548,13

3,-3,545,13

3,-3,542,13

3,-3,539,13

3,-3,536,13

3,-3,533,13

3,-3,530,13

3,-3,527,13

3,-3,524,13

3,-3,521,13

3,-3,518,13

3,-3,515,13

3,-3,512,13

3,-3,509,13

3,-3,506,13

3,-3,503,13

3,-3,500,13

3,-3,497,13

3,-3,494,13

3,-3,491,13

3,-3,488,13

3,-3,485,13

3,-3,482,13

3,-3,479,13

3,-3,476,13

3,-3,473,13

3,-3,470,13

3,-3,467,13

3,-3,464,13

3,-100,364,13

1,1,1,14

0,1,2,14

1,1,3,14

0,1,4,14

1,1,5,14

0,1,6,14

1,1,7,14

0,1,8,14

1,1,9,14

0,1,10,14

1,1,11,14

0,1,12,14

1,1,13,14

0,-3,10,14

1,1,11,14

2,1,12,14

1,1,13,14

0,-3,10,14

1,1,11,14

2,1,12,14

1,1,13,14

0,-3,10,14

1,10,20,14

2,1,21,14

1,10,31,14

3,-3,28,14

3,-3,25,14

3,-3,22,14

3,-3,19,14

3,-3,16,14

0,1,17,14

1,1,18,14

0,1,19,14

1,1,20,14

0,1,21,14

1,10,31,14

2,10,41,14

1,10,51,14

0,10,61,14

3,1,62,14

0,10,72,14

1,10,82,14

0,10,92,14

1,10,102,14

2,10,112,14

1,-3,109,14

2,1,110,14

3,10,120,14

2,-3,117,14

1,10,127,14

2,10,137,14

3,-3,134,14

2,1,135,14

1,10,145,14

2,1,146,14

1,10,156,14

2,-3,153,14

1,1,154,14

0,1,155,14

1,1,156,14

2,-3,153,14

1,10,163,14

0,10,173,14

1,10,183,14

0,10,193,14

1,-3,190,14

0,1,191,14

1,1,192,14

0,10,202,14

0,10,212,14

1,1,213,14

0,10,223,14

1,10,233,14

0,10,243,14

1,10,253,14

0,-3,250,14

1,-3,247,14

0,10,257,14

0,1,258,14

1,-3,255,14

0,1,256,14

0,1,257,14

1,-3,254,14

2,-3,251,14

3,1,252,14

0,1,253,14

1,-3,250,14

2,-3,247,14

3,1,248,14

0,1,249,14

1,-3,246,14

2,-3,243,14

3,1,244,14

0,1,245,14

1,-3,242,14

2,-3,239,14

3,1,240,14

0,1,241,14

1,-3,238,14

2,-3,235,14

3,1,236,14

0,1,237,14

1,-3,234,14

2,-3,231,14

3,1,232,14

0,1,233,14

1,-3,230,14

2,-3,227,14

3,1,228,14

0,1,229,14

1,-3,226,14

2,-3,223,14

3,1,224,14

0,1,225,14

1,-3,222,14

2,-3,219,14

3,1,220,14

0,1,221,14

1,-3,218,14

2,-3,215,14

3,1,216,14

0,1,217,14

1,-3,214,14

2,-3,211,14

3,1,212,14

0,1,213,14

1,-3,210,14

2,-3,207,14

3,1,208,14

0,1,209,14

1,-3,206,14

2,-3,203,14

3,1,204,14

0,1,205,14

1,-3,202,14

2,-3,199,14

3,1,200,14

0,1,201,14

1,-3,198,14

2,-3,195,14

3,1,196,14

0,1,197,14

1,-3,194,14

2,-3,191,14

3,1,192,14

0,1,193,14

1,-3,190,14

2,-3,187,14

3,1,188,14

0,1,189,14

1,-3,186,14

2,-3,183,14

3,1,184,14

0,1,185,14

1,-3,182,14

2,-3,179,14

3,1,180,14

0,1,181,14

1,-3,178,14

2,-3,175,14

3,1,176,14

0,1,177,14

1,-3,174,14

2,-3,171,14

3,1,172,14

0,1,173,14

1,-3,170,14

2,-3,167,14

3,1,168,14

0,1,169,14

1,-3,166,14

2,-3,163,14

3,1,164,14

0,1,165,14

1,-3,162,14

2,-3,159,14

3,1,160,14

0,1,161,14

1,-3,158,14

2,-3,155,14

3,1,156,14

0,1,157,14

1,-3,154,14

2,-3,151,14

3,1,152,14

0,1,153,14

1,-3,150,14

2,-3,147,14

3,1,148,14

0,1,149,14

1,-3,146,14

2,-3,143,14

3,1,144,14

0,1,145,14

1,-3,142,14

2,-3,139,14

3,1,140,14

0,1,141,14

1,-3,138,14

2,-3,135,14

3,1,136,14

0,1,137,14

1,-3,134,14

2,-3,131,14

3,1,132,14

0,1,133,14

1,-3,130,14

2,-3,127,14

3,1,128,14

0,1,129,14

1,-3,126,14

2,-3,123,14

3,1,124,14

0,1,125,14

1,-3,122,14

2,-3,119,14

3,1,120,14

0,1,121,14

1,-3,118,14

2,-3,115,14

3,1,116,14

0,1,117,14

1,-3,114,14

2,-3,111,14

3,1,112,14

0,1,113,14

1,-3,110,14

2,-3,107,14

3,1,108,14

0,1,109,14

1,-3,106,14

2,-3,103,14

3,1,104,14

0,1,105,14

1,-3,102,14

2,-3,99,14

3,1,100,14

0,1,101,14

1,-3,98,14

2,-3,95,14

3,1,96,14

0,1,97,14

1,-3,94,14

2,-3,91,14

3,1,92,14

0,1,93,14

1,-3,90,14

2,-3,87,14

3,1,88,14

0,1,89,14

1,-3,86,14

2,-3,83,14

3,1,84,14

0,1,85,14

1,-3,82,14

2,-3,79,14

3,1,80,14

0,1,81,14

1,-3,78,14

2,-3,75,14

3,1,76,14

0,1,77,14

1,-3,74,14

2,-3,71,14

3,1,72,14

0,1,73,14

1,-3,70,14

2,-3,67,14

3,1,68,14

0,1,69,14

1,-3,66,14

2,-3,63,14

3,1,64,14

0,1,65,14

1,-3,62,14

2,-3,59,14

3,1,60,14

0,1,61,14

1,-3,58,14

2,-3,55,14

3,1,56,14

0,1,57,14

1,-3,54,14

2,-3,51,14

3,1,52,14

0,1,53,14

1,-3,50,14

2,-3,47,14

3,1,48,14

0,1,49,14

1,-3,46,14

2,-3,43,14

3,1,44,14

0,1,45,14

1,-3,42,14

2,-3,39,14

3,1,40,14

0,1,41,14

1,-3,38,14

2,-3,35,14

3,1,36,14

0,1,37,14

1,-3,34,14

2,-3,31,14

3,1,32,14

0,1,33,14

1,-3,30,14

2,-3,27,14

3,1,28,14

0,1,29,14

1,-3,26,14

2,-3,23,14

3,1,24,14

0,1,25,14

1,-3,22,14

2,-3,19,14

3,1,20,14

0,1,21,14

1,-3,18,14

2,-3,15,14

3,1,16,14

0,1,17,14

1,-3,14,14

2,-3,11,14

3,1,12,14

0,1,13,14

1,-3,10,14

2,-3,7,14

3,1,8,14

0,1,9,14

1,-3,6,14

2,-3,3,14

3,1,4,14

0,1,5,14

1,-3,2,14

2,-3,-1,14

3,1,0,14

0,1,1,14

1,-3,-2,14

2,-3,-5,14

3,1,-4,14

0,1,-3,14

1,-3,-6,14

2,-3,-9,14

3,1,-8,14

0,1,-7,14

1,-3,-10,14

2,-3,-13,14

3,1,-12,14

0,1,-11,14

1,-3,-14,14

2,-3,-17,14

3,1,-16,14

0,1,-15,14

1,-3,-18,14

2,-3,-21,14

3,1,-20,14

0,1,-19,14

1,-3,-22,14

2,-3,-25,14

3,1,-24,14

0,1,-23,14

1,-3,-26,14

2,-3,-29,14

3,1,-28,14

0,1,-27,14

1,-3,-30,14

2,-3,-33,14

3,1,-32,14

0,1,-31,14

1,-3,-34,14

2,-3,-37,14

3,1,-36,14

0,1,-35,14

1,-3,-38,14

2,-3,-41,14

3,1,-40,14

0,1,-39,14

1,-3,-42,14

2,-3,-45,14

3,1,-44,14

0,1,-43,14

1,-3,-46,14

2,-3,-49,14

3,1,-48,14

0,1,-47,14

1,-3,-50,14

2,-3,-53,14

3,1,-52,14

0,1,-51,14

1,-3,-54,14

2,-3,-57,14

3,1,-56,14

0,1,-55,14

1,-3,-58,14

2,-3,-61,14

3,1,-60,14

0,1,-59,14

1,-3,-62,14

2,-3,-65,14

3,1,-64,14

0,1,-63,14

1,-3,-66,14

2,-3,-69,14

3,1,-68,14

0,1,-67,14

1,-3,-70,14

2,-3,-73,14

3,1,-72,14

0,1,-71,14

1,-3,-74,14

2,-3,-77,14

3,1,-76,14

0,1,-75,14

1,-3,-78,14

2,-3,-81,14

3,1,-80,14

0,1,-79,14

1,-3,-82,14

2,-3,-85,14

3,1,-84,14

0,1,-83,14

1,-3,-86,14

2,-3,-89,14

3,1,-88,14

0,1,-87,14

1,-3,-90,14

2,-3,-93,14

3,1,-92,14

0,1,-91,14

1,-3,-94,14

2,-3,-97,14

3,1,-96,14

0,1,-95,14

1,-3,-98,14

2,-3,-101,14

3,1,-100,14

0,1,-99,14

1,-3,-102,14

2,-3,-105,14

3,1,-104,14

0,1,-103,14

1,-3,-106,14

2,-3,-109,14

3,1,-108,14

0,1,-107,14

1,-3,-110,14

2,-3,-113,14

3,1,-112,14

0,1,-111,14

1,-3,-114,14

2,-3,-117,14

3,1,-116,14

0,1,-115,14

1,-3,-118,14

2,-3,-121,14

3,1,-120,14

0,1,-119,14

1,-3,-122,14

2,-3,-125,14

3,1,-124,14

0,1,-123,14

1,-3,-126,14

2,-3,-129,14

3,1,-128,14

0,1,-127,14

1,-3,-130,14

2,-3,-133,14

3,1,-132,14

0,1,-131,14

1,-3,-134,14

2,-3,-137,14

3,1,-136,14

0,1,-135,14

1,-3,-138,14

2,-3,-141,14

3,1,-140,14

0,1,-139,14

1,-3,-142,14

2,-3,-145,14

3,1,-144,14

0,1,-143,14

1,-3,-146,14

2,-3,-149,14

3,1,-148,14

0,1,-147,14

1,-3,-150,14

2,-3,-153,14

3,1,-152,14

0,1,-151,14

1,-3,-154,14

2,-3,-157,14

3,1,-156,14

0,1,-155,14

1,-3,-158,14

2,-3,-161,14

3,1,-160,14

0,1,-159,14

1,-3,-162,14

2,-3,-165,14

3,1,-164,14

0,1,-163,14

1,-3,-166,14

2,-3,-169,14

3,1,-168,14

0,1,-167,14

1,-3,-170,14

2,-3,-173,14

3,1,-172,14

0,1,-171,14

1,-3,-174,14

2,-3,-177,14

3,1,-176,14

0,1,-175,14

1,-3,-178,14

2,-3,-181,14

3,1,-180,14

0,1,-179,14

1,-3,-182,14

2,-3,-185,14

3,1,-184,14

0,1,-183,14

1,-3,-186,14

2,-3,-189,14

3,1,-188,14

0,1,-187,14

1,-3,-190,14

2,-3,-193,14

3,1,-192,14

0,1,-191,14

1,-3,-194,14

2,-3,-197,14

3,1,-196,14

0,1,-195,14

1,-3,-198,14

2,-3,-201,14

3,1,-200,14

0,1,-199,14

1,-3,-202,14

2,-3,-205,14

3,1,-204,14

0,1,-203,14

1,-3,-206,14

2,-3,-209,14

3,1,-208,14

0,1,-207,14

1,-3,-210,14

2,-3,-213,14

3,1,-212,14

0,1,-211,14

1,-3,-214,14

2,-3,-217,14

3,1,-216,14

0,1,-215,14

1,-3,-218,14

2,-3,-221,14

3,1,-220,14

0,1,-219,14

1,-3,-222,14

2,-3,-225,14

3,1,-224,14

0,1,-223,14

1,-3,-226,14

2,-3,-229,14

3,1,-228,14

0,1,-227,14

1,-3,-230,14

2,-3,-233,14

3,1,-232,14

0,1,-231,14

1,-3,-234,14

2,-3,-237,14

3,1,-236,14

0,1,-235,14

1,-3,-238,14

2,-3,-241,14

3,1,-240,14

0,1,-239,14

1,-3,-242,14

2,-3,-245,14

3,1,-244,14

0,1,-243,14

1,-3,-246,14

2,-3,-249,14

3,1,-248,14

0,1,-247,14

1,-3,-250,14

2,-3,-253,14

3,1,-252,14

0,1,-251,14

1,-3,-254,14

2,-3,-257,14

3,1,-256,14

0,1,-255,14

1,-3,-258,14

2,-3,-261,14

3,1,-260,14

0,1,-259,14

1,-3,-262,14

2,-3,-265,14

3,1,-264,14

0,1,-263,14

1,-3,-266,14

2,-3,-269,14

3,1,-268,14

0,1,-267,14

1,-3,-270,14

2,-3,-273,14

3,1,-272,14

0,1,-271,14

1,-3,-274,14

2,-3,-277,14

3,1,-276,14

0,1,-275,14

1,-3,-278,14

2,-3,-281,14

3,1,-280,14

0,1,-279,14

1,-3,-282,14

2,-3,-285,14

3,1,-284,14

0,1,-283,14

1,-3,-286,14

2,-3,-289,14

3,1,-288,14

0,1,-287,14

1,-3,-290,14

2,-3,-293,14

3,1,-292,14

0,1,-291,14

1,-3,-294,14

2,-3,-297,14

3,1,-296,14

0,1,-295,14

1,-3,-298,14

2,-3,-301,14

3,1,-300,14

0,1,-299,14

1,-3,-302,14

2,-3,-305,14

3,1,-304,14

0,1,-303,14

1,-3,-306,14

2,-3,-309,14

3,1,-308,14

0,1,-307,14

1,-3,-310,14

2,-3,-313,14

3,1,-312,14

0,1,-311,14

1,-3,-314,14

2,-3,-317,14

3,1,-316,14

0,1,-315,14

1,-3,-318,14

2,-3,-321,14

3,1,-320,14

0,1,-319,14

1,-3,-322,14

2,-3,-325,14

3,1,-324,14

0,1,-323,14

1,-3,-326,14

2,-3,-329,14

3,1,-328,14

0,1,-327,14

1,-3,-330,14

2,-3,-333,14

3,1,-332,14

0,1,-331,14

1,-3,-334,14

2,-3,-337,14

3,1,-336,14

0,1,-335,14

1,-3,-338,14

2,-3,-341,14

3,1,-340,14

0,1,-339,14

1,-3,-342,14

2,-3,-345,14

3,1,-344,14

0,1,-343,14

1,-3,-346,14

2,-3,-349,14

3,1,-348,14

0,1,-347,14

1,-3,-350,14

2,-3,-353,14

3,1,-352,14

0,1,-351,14

1,-3,-354,14

2,-3,-357,14

3,1,-356,14

0,1,-355,14

1,-3,-358,14

2,-3,-361,14

3,1,-360,14

0,1,-359,14

1,-3,-362,14

2,-3,-365,14

3,1,-364,14

3,10,-354,14

0,10,-344,14

1,-3,-347,14

2,-3,-350,14

3,1,-349,14

0,1,-348,14

1,-3,-351,14

2,-3,-354,14

3,1,-353,14

0,1,-352,14

1,-3,-355,14

2,-3,-358,14

3,1,-357,14

0,1,-356,14

1,-3,-359,14

2,-3,-362,14

3,1,-361,14

0,1,-360,14

1,-3,-363,14

2,-3,-366,14

3,1,-365,14

0,1,-364,14

1,-3,-367,14

2,-3,-370,14

3,1,-369,14

0,1,-368,14

1,-3,-371,14

2,-3,-374,14

3,1,-373,14

0,1,-372,14

1,-3,-375,14

2,-3,-378,14

3,1,-377,14

0,1,-376,14

1,-3,-379,14

2,-3,-382,14

3,1,-381,14

0,1,-380,14

1,-3,-383,14

2,-3,-386,14

3,1,-385,14

0,1,-384,14

1,-3,-387,14

2,-3,-390,14

3,1,-389,14

0,1,-388,14

1,-3,-391,14

2,-3,-394,14

3,1,-393,14

0,1,-392,14

1,-3,-395,14

2,-3,-398,14

3,1,-397,14

0,1,-396,14

1,-3,-399,14

2,-3,-402,14

3,1,-401,14

0,1,-400,14

1,-3,-403,14

2,-3,-406,14

3,1,-405,14

0,1,-404,14

1,-3,-407,14

2,-3,-410,14

3,1,-409,14

0,1,-408,14

1,-3,-411,14

2,-3,-414,14

3,1,-413,14

0,1,-412,14

1,-3,-415,14

2,-3,-418,14

3,1,-417,14

0,1,-416,14

1,-3,-419,14

2,-3,-422,14

3,1,-421,14

0,1,-420,14

1,-3,-423,14

2,-3,-426,14

3,1,-425,14

0,1,-424,14

1,-3,-427,14

2,-3,-430,14

3,1,-429,14

0,1,-428,14

1,-3,-431,14

2,-3,-434,14

3,1,-433,14

0,1,-432,14

1,-3,-435,14

2,-3,-438,14

3,1,-437,14

0,1,-436,14

1,-3,-439,14

2,-3,-442,14

3,1,-441,14

0,1,-440,14

1,-3,-443,14

2,-3,-446,14

3,1,-445,14

0,1,-444,14

1,-3,-447,14

2,-3,-450,14

3,1,-449,14

0,1,-448,14

1,-3,-451,14

2,-3,-454,14

3,1,-453,14

0,1,-452,14

1,-3,-455,14

2,-3,-458,14

3,1,-457,14

0,1,-456,14

1,-3,-459,14

2,-3,-462,14

3,1,-461,14

0,1,-460,14

1,-3,-463,14

2,-3,-466,14

3,1,-465,14

0,1,-464,14

1,-3,-467,14

2,-3,-470,14

3,1,-469,14

0,1,-468,14

1,-3,-471,14

2,-3,-474,14

3,1,-473,14

0,1,-472,14

1,-3,-475,14

2,-3,-478,14

3,1,-477,14

0,1,-476,14

1,-3,-479,14

2,-3,-482,14

3,1,-481,14

0,1,-480,14

1,-3,-483,14

2,-3,-486,14

3,1,-485,14

0,1,-484,14

1,-3,-487,14

2,-3,-490,14

3,1,-489,14

0,1,-488,14

1,-3,-491,14

2,-3,-494,14

3,1,-493,14

0,1,-492,14

1,-3,-495,14

2,-3,-498,14

3,1,-497,14

0,1,-496,14

1,-3,-499,14

2,-3,-502,14

3,1,-501,14

0,1,-500,14

1,-3,-503,14

2,-3,-506,14

3,1,-505,14

0,1,-504,14

2,-3,-507,14

1,-3,-510,14

2,1,-509,14

3,1,-508,14

2,-3,-511,14

3,10,-501,14

2,10,-491,14

3,-3,-494,14

2,1,-493,14

1,-3,-496,14

2,1,-495,14

3,10,-485,14

2,10,-475,14

1,1,-474,14

2,10,-464,14

3,10,-454,14

2,10,-444,14

1,10,-434,14

2,10,-424,14

3,10,-414,14

2,1,-413,14

1,10,-403,14

0,-3,-406,14

1,1,-405,14

0,1,-404,14

1,1,-403,14

0,-3,-406,14

1,1,-405,14

2,10,-395,14

0,10,-385,14

1,10,-375,14

2,10,-365,14

3,-3,-368,14

0,1,-367,14

0,1,-366,14

0,1,-365,14

0,1,-364,14

0,-3,-367,14

1,-3,-370,14

2,1,-369,14

3,1,-368,14

0,-3,-371,14

1,-3,-374,14

2,1,-373,14

3,1,-372,14

0,-3,-375,14

1,-3,-378,14

2,1,-377,14

3,1,-376,14

0,-3,-379,14

1,-3,-382,14

2,1,-381,14

3,1,-380,14

0,-3,-383,14

1,-3,-386,14

2,1,-385,14

3,1,-384,14

0,-3,-387,14

1,-3,-390,14

2,1,-389,14

3,1,-388,14

0,-3,-391,14

1,-3,-394,14

2,1,-393,14

3,1,-392,14

0,-3,-395,14

1,-3,-398,14

2,1,-397,14

3,1,-396,14

0,-3,-399,14

1,-3,-402,14

2,1,-401,14

3,1,-400,14

0,-3,-403,14

1,-3,-406,14

2,1,-405,14

3,1,-404,14

0,-3,-407,14

1,-3,-410,14

2,1,-409,14

3,1,-408,14

0,-3,-411,14

1,-3,-414,14

2,1,-413,14

3,1,-412,14

0,-3,-415,14

1,-3,-418,14

2,1,-417,14

3,1,-416,14

0,-3,-419,14

1,-3,-422,14

2,1,-421,14

3,1,-420,14

0,-3,-423,14

1,-3,-426,14

2,1,-425,14

3,1,-424,14

0,-3,-427,14

1,-3,-430,14

2,1,-429,14

3,1,-428,14

0,-3,-431,14

1,-3,-434,14

2,1,-433,14

3,1,-432,14

0,-3,-435,14

1,-3,-438,14

2,1,-437,14

3,1,-436,14

0,-3,-439,14

1,-3,-442,14

2,1,-441,14

3,1,-440,14

0,-3,-443,14

1,-3,-446,14

2,1,-445,14

3,1,-444,14

0,-3,-447,14

1,-3,-450,14

0,-3,-453,14

1,1,-452,14

0,1,-451,14

1,1,-450,14

0,1,-449,14

1,1,-448,14

2,-3,-451,14

1,1,-450,14

0,1,-449,14

1,1,-448,14

2,-3,-451,14

1,1,-450,14

0,1,-449,14

1,10,-439,14

0,1,-438,14

1,10,-428,14

0,10,-418,14

1,10,-408,14

0,10,-398,14

0,10,-388,14

0,10,-378,14

1,-3,-381,14

2,10,-371,14

3,10,-361,14

2,-3,-364,14

1,1,-363,14

2,1,-362,14

1,10,-352,14

2,1,-351,14

3,1,-350,14

2,10,-340,14

3,10,-330,14

2,10,-320,14

1,1,-319,14

2,10,-309,14

1,1,-308,14

2,10,-298,14

1,10,-288,14

2,-3,-291,14

1,10,-281,14

0,10,-271,14

1,10,-261,14

2,10,-251,14

1,10,-241,14

0,10,-231,14

1,10,-221,14

2,10,-211,14

1,10,-201,14

2,10,-191,14

3,10,-181,14

2,10,-171,14

1,10,-161,14

0,1,-160,14

1,10,-150,14

2,10,-140,14

1,10,-130,14

2,10,-120,14

3,10,-110,14

2,10,-100,14

1,10,-90,14

2,10,-80,14

3,10,-70,14

2,10,-60,14

3,10,-50,14

2,10,-40,14

1,10,-30,14

0,10,-20,14

0,1,-19,14

0,1,-18,14

0,-3,-21,14

1,-3,-24,14

3,10,-14,14

2,10,-4,14

1,10,6,14

2,10,16,14

3,10,26,14

0,10,36,14

1,1,37,14

0,10,47,14

1,10,57,14

0,10,67,14

0,10,77,14

0,-3,74,14

0,-3,71,14

1,-3,68,14

2,1,69,14

3,1,70,14

0,-3,67,14

1,-3,64,14

2,1,65,14

3,1,66,14

0,-3,63,14

1,-3,60,14

2,1,61,14

3,1,62,14

0,-3,59,14

1,-3,56,14

2,1,57,14

3,1,58,14

0,-3,55,14

1,-3,52,14

2,1,53,14

3,1,54,14

0,-3,51,14

1,-3,48,14

2,1,49,14

3,1,50,14

0,-3,47,14

1,-3,44,14

2,1,45,14

3,1,46,14

0,-3,43,14

1,-3,40,14

2,1,41,14

3,1,42,14

0,-3,39,14

1,-3,36,14

2,1,37,14

3,1,38,14

0,-3,35,14

1,-3,32,14

2,1,33,14

3,1,34,14

0,-3,31,14

1,-3,28,14

2,1,29,14

3,1,30,14

0,-3,27,14

1,-3,24,14

2,1,25,14

3,1,26,14

0,-3,23,14

1,-3,20,14

2,1,21,14

3,1,22,14

0,-3,19,14

1,-3,16,14

2,1,17,14

3,1,18,14

0,-3,15,14

1,-3,12,14

2,1,13,14

3,1,14,14

0,-3,11,14

1,-3,8,14

2,1,9,14

3,1,10,14

0,-3,7,14

1,-3,4,14

2,1,5,14

3,1,6,14

0,-3,3,14

1,-3,0,14

2,1,1,14

3,1,2,14

0,-3,-1,14

1,-3,-4,14

2,1,-3,14

3,1,-2,14

0,-3,-5,14

1,-3,-8,14

2,1,-7,14

3,1,-6,14

0,-3,-9,14

1,-3,-12,14

2,1,-11,14

3,1,-10,14

0,-3,-13,14

1,-3,-16,14

2,1,-15,14

3,1,-14,14

0,-3,-17,14

1,-3,-20,14

2,1,-19,14

3,1,-18,14

0,-3,-21,14

1,-3,-24,14

2,1,-23,14

3,1,-22,14

0,-3,-25,14

1,-3,-28,14

2,1,-27,14

3,1,-26,14

0,-3,-29,14

1,-3,-32,14

2,1,-31,14

3,1,-30,14

0,-3,-33,14

1,-3,-36,14

2,1,-35,14

3,1,-34,14

0,-3,-37,14

1,-3,-40,14

2,1,-39,14

3,1,-38,14

0,-3,-41,14

1,-3,-44,14

2,1,-43,14

3,1,-42,14

0,-3,-45,14

1,-3,-48,14

2,1,-47,14

3,1,-46,14

0,-3,-49,14

1,-3,-52,14

2,1,-51,14

3,1,-50,14

0,-3,-53,14

1,-3,-56,14

2,1,-55,14

3,1,-54,14

0,-3,-57,14

1,-3,-60,14

2,1,-59,14

3,1,-58,14

0,-3,-61,14

1,-3,-64,14

2,1,-63,14

3,1,-62,14

0,-3,-65,14

1,-3,-68,14

2,1,-67,14

3,1,-66,14

0,-3,-69,14

1,-3,-72,14

2,1,-71,14

3,1,-70,14

0,-3,-73,14

1,-3,-76,14

2,1,-75,14

3,1,-74,14

0,-3,-77,14

1,-3,-80,14

2,1,-79,14

3,1,-78,14

0,-3,-81,14

1,-3,-84,14

2,1,-83,14

3,1,-82,14

0,-3,-85,14

1,-3,-88,14

2,1,-87,14

3,1,-86,14

0,-3,-89,14

1,-3,-92,14

2,1,-91,14

3,1,-90,14

0,-3,-93,14

1,-3,-96,14

2,1,-95,14

3,1,-94,14

0,-3,-97,14

1,-3,-100,14

2,1,-99,14

3,1,-98,14

0,-3,-101,14

1,-3,-104,14

2,1,-103,14

3,1,-102,14

0,-3,-105,14

1,-3,-108,14

2,1,-107,14

3,1,-106,14

0,-3,-109,14

1,-3,-112,14

2,1,-111,14

3,1,-110,14

0,-3,-113,14

1,-3,-116,14

2,1,-115,14

3,1,-114,14

0,-3,-117,14

1,-3,-120,14

2,1,-119,14

3,1,-118,14

0,-3,-121,14

1,-3,-124,14

2,1,-123,14

3,1,-122,14

0,-3,-125,14

1,-3,-128,14

2,1,-127,14

3,1,-126,14

0,-3,-129,14

1,-3,-132,14

2,1,-131,14

3,1,-130,14

0,-3,-133,14

1,-3,-136,14

2,1,-135,14

2,-3,-138,14

3,1,-137,14

0,1,-136,14

0,-3,-139,14

1,-3,-142,14

2,1,-141,14

3,1,-140,14

0,-3,-143,14

1,-3,-146,14

2,1,-145,14

3,1,-144,14

0,-3,-147,14

1,-3,-150,14

2,1,-149,14

3,1,-148,14

0,-3,-151,14

1,-3,-154,14

2,1,-153,14

3,1,-152,14

0,-3,-155,14

1,-3,-158,14

2,1,-157,14

3,1,-156,14

0,-3,-159,14

1,-3,-162,14

2,1,-161,14

3,1,-160,14

0,-3,-163,14

1,-3,-166,14

2,1,-165,14

3,1,-164,14

0,-3,-167,14

1,-3,-170,14

2,1,-169,14

3,1,-168,14

0,-3,-171,14

1,-3,-174,14

2,1,-173,14

3,1,-172,14

0,-3,-175,14

1,-3,-178,14

2,1,-177,14

3,1,-176,14

0,-3,-179,14

1,-3,-182,14

2,1,-181,14

3,1,-180,14

0,-3,-183,14

1,-3,-186,14

2,1,-185,14

3,1,-184,14

0,-3,-187,14

1,-3,-190,14

2,1,-189,14

3,1,-188,14

0,-3,-191,14

1,-3,-194,14

2,1,-193,14

3,1,-192,14

0,-3,-195,14

1,-3,-198,14

2,1,-197,14

3,1,-196,14

0,-3,-199,14

1,-3,-202,14

2,1,-201,14

3,1,-200,14

0,-3,-203,14

1,-3,-206,14

2,1,-205,14

3,1,-204,14

0,-3,-207,14

1,-3,-210,14

2,1,-209,14

3,1,-208,14

0,-3,-211,14

1,-3,-214,14

2,1,-213,14

3,1,-212,14

0,-3,-215,14

1,-3,-218,14

2,1,-217,14

3,1,-216,14

0,-3,-219,14

1,-3,-222,14

2,1,-221,14

3,1,-220,14

0,-3,-223,14

1,-3,-226,14

2,1,-225,14

3,1,-224,14

0,-3,-227,14

1,-3,-230,14

2,1,-229,14

3,1,-228,14

0,-3,-231,14

1,-3,-234,14

2,1,-233,14

3,1,-232,14

0,-3,-235,14

1,-3,-238,14

2,1,-237,14

3,1,-236,14

0,-3,-239,14

1,-3,-242,14

2,1,-241,14

3,1,-240,14

0,-3,-243,14

1,-3,-246,14

2,1,-245,14

3,1,-244,14

0,-3,-247,14

1,-3,-250,14

2,1,-249,14

3,1,-248,14

0,-3,-251,14

1,-3,-254,14

2,1,-253,14

3,1,-252,14

0,-3,-255,14

1,-3,-258,14

2,1,-257,14

3,1,-256,14

0,-3,-259,14

1,-3,-262,14

2,1,-261,14

3,1,-260,14

0,-3,-263,14

1,-3,-266,14

2,1,-265,14

3,1,-264,14

0,-3,-267,14

1,-3,-270,14

2,1,-269,14

3,1,-268,14

0,-3,-271,14

1,-3,-274,14

2,1,-273,14

3,1,-272,14

0,-3,-275,14

1,-3,-278,14

2,1,-277,14

3,1,-276,14

0,-3,-279,14

1,-3,-282,14

2,1,-281,14

3,1,-280,14

0,-3,-283,14

1,-3,-286,14

2,1,-285,14

3,1,-284,14

0,-3,-287,14

1,-3,-290,14

2,1,-289,14

3,1,-288,14

0,-3,-291,14

1,-3,-294,14

2,1,-293,14

3,1,-292,14

0,-3,-295,14

1,-3,-298,14

2,1,-297,14

3,1,-296,14

0,-3,-299,14

1,-3,-302,14

2,1,-301,14

3,1,-300,14

0,-3,-303,14

1,-3,-306,14

2,1,-305,14

3,1,-304,14

0,-3,-307,14

1,-3,-310,14

2,1,-309,14

3,1,-308,14

0,-3,-311,14

1,-3,-314,14

2,1,-313,14

3,1,-312,14

0,-3,-315,14

1,-3,-318,14

2,1,-317,14

3,1,-316,14

0,-3,-319,14

1,-3,-322,14

2,1,-321,14

3,1,-320,14

0,-3,-323,14

1,-3,-326,14

2,1,-325,14

3,1,-324,14

0,-3,-327,14

1,-3,-330,14

2,1,-329,14

3,1,-328,14

0,-3,-331,14

1,-3,-334,14

2,1,-333,14

3,1,-332,14

0,-3,-335,14

1,-3,-338,14

2,1,-337,14

3,1,-336,14

0,-3,-339,14

1,-3,-342,14

2,1,-341,14

3,1,-340,14

0,-3,-343,14

1,-3,-346,14

2,1,-345,14

3,1,-344,14

0,-3,-347,14

1,-3,-350,14

2,1,-349,14

3,1,-348,14

0,-3,-351,14

1,-3,-354,14

2,1,-353,14

3,1,-352,14

0,-3,-355,14

1,-3,-358,14

2,1,-357,14

3,1,-356,14

0,-3,-359,14

1,-3,-362,14

2,1,-361,14

3,1,-360,14

0,-3,-363,14

1,-3,-366,14

2,1,-365,14

3,1,-364,14

0,-3,-367,14

1,-3,-370,14

2,1,-369,14

3,1,-368,14

0,-3,-371,14

1,-3,-374,14

2,1,-373,14

3,1,-372,14

0,-3,-375,14

1,-3,-378,14

2,1,-377,14

3,1,-376,14

0,-3,-379,14

1,-3,-382,14

2,1,-381,14

3,1,-380,14

0,-3,-383,14

1,-3,-386,14

2,1,-385,14

3,1,-384,14

0,-3,-387,14

1,-3,-390,14

2,1,-389,14

3,1,-388,14

0,-3,-391,14

1,-3,-394,14

2,1,-393,14

3,1,-392,14

0,-3,-395,14

1,-3,-398,14

2,1,-397,14

3,1,-396,14

0,-3,-399,14

1,-3,-402,14

2,1,-401,14

3,1,-400,14

0,-3,-403,14

1,-3,-406,14

2,1,-405,14

3,1,-404,14

0,-3,-407,14

1,-3,-410,14

2,1,-409,14

3,1,-408,14

3,10,-398,14

2,10,-388,14

3,10,-378,14

2,10,-368,14

3,-3,-371,14

2,1,-370,14

3,1,-369,14

2,1,-368,14

3,10,-358,14

2,10,-348,14

3,10,-338,14

0,1,-337,14

1,-3,-340,14

0,1,-339,14

0,1,-338,14

0,-3,-341,14

1,-3,-344,14

2,1,-343,14

3,1,-342,14

0,-3,-345,14

1,-3,-348,14

2,1,-347,14

3,1,-346,14

0,-3,-349,14

1,-3,-352,14

2,1,-351,14

3,1,-350,14

0,-3,-353,14

1,-3,-356,14

2,1,-355,14

3,1,-354,14

0,-3,-357,14

1,-3,-360,14

2,1,-359,14

3,1,-358,14

0,-3,-361,14

1,-3,-364,14

2,1,-363,14

3,1,-362,14

0,-3,-365,14

1,-3,-368,14

2,1,-367,14

3,1,-366,14

0,-3,-369,14

1,-3,-372,14

2,1,-371,14

3,1,-370,14

0,-3,-373,14

1,-3,-376,14

2,1,-375,14

3,1,-374,14

0,-3,-377,14

1,-3,-380,14

2,1,-379,14

3,1,-378,14

0,-3,-381,14

1,-3,-384,14

2,1,-383,14

3,1,-382,14

0,-3,-385,14

1,-3,-388,14

2,1,-387,14

3,1,-386,14

2,-3,-389,14

3,10,-379,14

0,10,-369,14

0,-3,-372,14

1,-3,-375,14

2,1,-374,14

3,10,-364,14

0,1,-363,14

0,1,-362,14

3,10,-352,14

2,10,-342,14

3,-3,-345,14

2,1,-344,14

3,10,-334,14

2,10,-324,14

1,10,-314,14

2,10,-304,14

1,10,-294,14

2,10,-284,14

1,-3,-287,14

2,10,-277,14

3,-3,-280,14

2,10,-270,14

1,1,-269,14

2,10,-259,14

3,10,-249,14

2,10,-239,14

3,10,-229,14

0,10,-219,14

0,10,-209,14

1,-3,-212,14

2,-3,-215,14

3,1,-214,14

0,10,-204,14

1,-3,-207,14

2,1,-206,14

1,1,-205,14

2,10,-195,14

1,10,-185,14

2,10,-175,14

3,1,-174,14

2,10,-164,14

1,-3,-167,14

0,-3,-170,14

1,1,-169,14

2,1,-168,14

1,1,-167,14

1,10,-157,14

0,-3,-160,14

1,1,-159,14

0,1,-158,14

1,1,-157,14

0,10,-147,14

1,10,-137,14

2,10,-127,14

1,10,-117,14

2,10,-107,14

1,10,-97,14

0,10,-87,14

1,10,-77,14

2,10,-67,14

1,1,-66,14

2,10,-56,14

1,10,-46,14

0,10,-36,14

1,10,-26,14

2,10,-16,14

1,10,-6,14

0,10,4,14

1,-3,1,14

0,1,2,14

1,1,3,14

0,1,4,14

0,1,5,14

0,10,15,14

0,10,25,14

0,10,35,14

0,10,45,14

0,10,55,14

0,10,65,14

0,10,75,14

0,1,76,14

1,-3,73,14

2,1,74,14

3,1,75,14

0,-3,72,14

1,-3,69,14

2,1,70,14

3,1,71,14

0,-3,68,14

1,-3,65,14

2,1,66,14

3,1,67,14

0,-3,64,14

1,-3,61,14

2,1,62,14

3,1,63,14

0,-3,60,14

1,-3,57,14

2,1,58,14

3,1,59,14

0,-3,56,14

1,-3,53,14

2,1,54,14

3,1,55,14

0,-3,52,14

1,-3,49,14

2,1,50,14

3,1,51,14

0,-3,48,14

1,-3,45,14

2,1,46,14

3,1,47,14

0,-3,44,14

1,-3,41,14

2,1,42,14

3,1,43,14

0,-3,40,14

1,-3,37,14

2,1,38,14

3,1,39,14

0,-3,36,14

1,-3,33,14

2,1,34,14

3,1,35,14

0,-3,32,14

1,-3,29,14

2,1,30,14

3,1,31,14

0,-3,28,14

1,-3,25,14

2,1,26,14

3,1,27,14

0,-3,24,14

1,-3,21,14

2,1,22,14

3,1,23,14

0,-3,20,14

1,-3,17,14

2,1,18,14

3,1,19,14

0,-3,16,14

1,-3,13,14

2,1,14,14

3,1,15,14

0,-3,12,14

2,-3,9,14

2,-3,6,14

2,-3,3,14

2,1,4,14

0,1,5,14

0,1,6,14

0,-3,3,14

2,-3,0,14

2,-3,-3,14

2,-3,-6,14

2,-3,-9,14

2,-3,-12,14

2,-3,-15,14

2,-3,-18,14

0,1,-17,14

0,1,-16,14

2,-3,-19,14

2,-3,-22,14

2,-3,-25,14

2,-3,-28,14

2,-3,-31,14

2,-3,-34,14

2,-3,-37,14

2,-3,-40,14

2,-3,-43,14

2,-100,-143,14

1,-3,-3,15

0,1,-2,15

1,1,-1,15

0,1,0,15

1,1,1,15

0,1,2,15

1,1,3,15

0,1,4,15

1,1,5,15

0,1,6,15

1,1,7,15

0,1,8,15

1,1,9,15

2,-3,6,15

1,1,7,15

0,1,8,15

1,1,9,15

2,-3,6,15

1,1,7,15

0,1,8,15

1,1,9,15

2,-3,6,15

1,1,7,15

0,1,8,15

1,10,18,15

2,10,28,15

1,-3,25,15

2,10,35,15

3,-3,32,15

0,1,33,15

1,1,34,15

0,1,35,15

0,1,36,15

0,1,37,15

0,1,38,15

0,10,48,15

0,10,58,15

0,1,59,15

2,10,69,15

1,10,79,15

0,10,89,15

1,10,99,15

2,10,109,15

3,-3,106,15

0,10,116,15

0,10,126,15

0,10,136,15

2,10,146,15

2,10,156,15

0,10,166,15

0,10,176,15

0,10,186,15

0,10,196,15

0,10,206,15

2,10,216,15

1,10,226,15

2,10,236,15

3,10,246,15

2,10,256,15

3,10,266,15

2,10,276,15

3,10,286,15

0,10,296,15

2,-3,293,15

1,10,303,15

2,-3,300,15

3,1,301,15

2,10,311,15

3,10,321,15

2,10,331,15

3,10,341,15

2,10,351,15

1,10,361,15

0,10,371,15

2,-3,368,15

2,-3,365,15

1,1,366,15

2,1,367,15

1,10,377,15

2,10,387,15

3,1,388,15

2,10,398,15

3,10,408,15

0,-3,405,15

2,-3,402,15

2,-3,399,15

2,-3,396,15

0,1,397,15

2,1,398,15

0,1,399,15

0,1,400,15

0,1,401,15

2,-3,398,15

2,-3,395,15

2,-3,392,15

2,-3,389,15

2,-3,386,15

2,-3,383,15

2,-3,380,15

2,-3,377,15

2,-3,374,15

2,-100,274,15

1,-3,-3,16

0,1,-2,16

1,1,-1,16

0,1,0,16

1,1,1,16

0,1,2,16

1,1,3,16

0,1,4,16

1,1,5,16

0,1,6,16

1,1,7,16

0,1,8,16

1,1,9,16

0,1,10,16

1,1,11,16

0,1,12,16

1,1,13,16

0,1,14,16

1,1,15,16

0,1,16,16

1,1,17,16

0,10,27,16

1,10,37,16

0,10,47,16

2,10,57,16

1,10,67,16

0,10,77,16

1,10,87,16

0,10,97,16

0,10,107,16

2,10,117,16

2,10,127,16

0,10,137,16

2,-3,134,16

2,-3,131,16

1,1,132,16

0,1,133,16

1,10,143,16

2,10,153,16

1,10,163,16

2,10,173,16

3,10,183,16

2,10,193,16

1,10,203,16

2,10,213,16

3,10,223,16

2,10,233,16

1,10,243,16

2,10,253,16

1,10,263,16

0,10,273,16

1,1,274,16

0,10,284,16

0,10,294,16

3,10,304,16

0,1,305,16

1,10,315,16

0,-3,312,16

1,10,322,16

2,10,332,16

1,10,342,16

2,10,352,16

1,10,362,16

2,10,372,16

1,10,382,16

2,10,392,16

1,10,402,16

2,10,412,16

1,10,422,16

2,1,423,16

1,10,433,16

0,-3,430,16

0,1,431,16

0,10,441,16

0,10,451,16

0,1,452,16

3,10,462,16

0,1,463,16

3,10,473,16

0,10,483,16

0,10,493,16

1,10,503,16

0,-3,500,16

3,1,501,16

2,-3,498,16

3,10,508,16

2,10,518,16

1,1,519,16

2,1,520,16

3,10,530,16

2,10,540,16

1,10,550,16

2,10,560,16

3,10,570,16

0,10,580,16

3,-3,577,16

2,1,578,16

3,10,588,16

2,10,598,16

1,10,608,16

2,10,618,16

1,10,628,16

2,-3,625,16

3,10,635,16

2,-3,632,16

3,10,642,16

0,-3,639,16

1,1,640,16

0,1,641,16

1,1,642,16

0,-3,639,16

1,10,649,16

2,10,659,16

3,-3,656,16

0,1,657,16

0,1,658,16

0,1,659,16

0,1,660,16

0,1,661,16

0,10,671,16

0,10,681,16

0,-3,678,16

0,1,679,16

0,10,689,16

1,10,699,16

2,10,709,16

3,-3,706,16

0,1,707,16

0,1,708,16

3,10,718,16

2,-3,715,16

3,1,716,16

2,1,717,16

3,1,718,16

2,1,719,16

3,10,729,16

2,1,730,16

3,10,740,16

2,10,750,16

3,10,760,16

0,10,770,16

3,10,780,16

2,-3,777,16

1,1,778,16

0,10,788,16

0,10,798,16

0,10,808,16

3,10,818,16

2,10,828,16

3,1,829,16

0,10,839,16

1,10,849,16

0,-3,846,16

0,1,847,16

3,1,848,16

2,-3,845,16

3,1,846,16

0,1,847,16

3,1,848,16

2,-3,845,16

3,1,846,16

0,1,847,16

3,10,857,16

2,10,867,16

1,-3,864,16

0,1,865,16

3,10,875,16

2,-3,872,16

3,10,882,16

2,10,892,16

3,10,902,16

0,10,912,16

1,10,922,16

2,1,923,16

3,10,933,16

2,10,943,16

1,10,953,16

2,10,963,16

3,10,973,16

2,10,983,16

1,-3,980,16

2,1,981,16

3,10,991,16

2,10,1001,16

3,10,1011,16

2,10,1021,16

1,10,1031,16

2,10,1041,16

1,10,1051,16

2,10,1061,16

1,10,1071,16

2,1,1072,16

1,10,1082,16

2,10,1092,16

3,1,1093,16

2,1,1094,16

1,10,1104,16

2,10,1114,16

1,-3,1111,16

0,10,1121,16

1,10,1131,16

0,10,1141,16

0,10,1151,16

3,10,1161,16

3,1,1162,16

2,-3,1159,16

1,10,1169,16

0,-3,1166,16

0,10,1176,16

0,10,1186,16

0,-3,1183,16

3,1,1184,16

2,1,1185,16

3,10,1195,16

2,-3,1192,16

3,1,1193,16

0,-3,1190,16

3,10,1200,16

0,1,1201,16

3,10,1211,16

0,1,1212,16

0,1,1213,16

0,-3,1210,16

3,1,1211,16

2,10,1221,16

3,10,1231,16

2,10,1241,16

1,10,1251,16

2,10,1261,16

3,10,1271,16

2,10,1281,16

1,10,1291,16

2,10,1301,16

1,10,1311,16

0,-3,1308,16

0,1,1309,16

0,-3,1306,16

3,1,1307,16

2,1,1308,16

3,1,1309,16

0,-3,1306,16

3,10,1316,16

2,10,1326,16

3,10,1336,16

2,10,1346,16

3,10,1356,16

2,-3,1353,16

1,10,1363,16

0,-3,1360,16

3,1,1361,16

2,1,1362,16

3,1,1363,16

0,-3,1360,16

3,10,1370,16

0,1,1371,16

0,10,1381,16

0,10,1391,16

0,10,1401,16

1,10,1411,16

2,10,1421,16

1,10,1431,16

0,10,1441,16

3,10,1451,16

2,1,1452,16

3,10,1462,16

2,10,1472,16

1,-3,1469,16

0,1,1470,16

1,1,1471,16

0,10,1481,16

1,10,1491,16

2,-3,1488,16

3,-3,1485,16

0,10,1495,16

0,-3,1492,16

0,1,1493,16

3,10,1503,16

2,10,1513,16

3,10,1523,16

1,10,1533,16

0,10,1543,16

1,10,1553,16

2,10,1563,16

3,-3,1560,16

0,1,1561,16

1,-3,1558,16

0,10,1568,16

1,10,1578,16

0,10,1588,16

1,10,1598,16

2,10,1608,16

1,10,1618,16

2,10,1628,16

1,10,1638,16

0,10,1648,16

0,10,1658,16

0,1,1659,16

3,10,1669,16

2,-3,1666,16

3,1,1667,16

0,1,1668,16

3,1,1669,16

2,-3,1666,16

3,10,1676,16

2,1,1677,16

3,10,1687,16

0,10,1697,16

1,-3,1694,16

2,-3,1691,16

1,1,1692,16

0,1,1693,16

1,1,1694,16

2,-3,1691,16

1,1,1692,16

0,1,1693,16

1,1,1694,16

2,-3,1691,16

1,1,1692,16

0,1,1693,16

1,10,1703,16

2,10,1713,16

1,-3,1710,16

2,1,1711,16

1,1,1712,16

2,1,1713,16

1,1,1714,16

2,1,1715,16

1,1,1716,16

2,1,1717,16

1,1,1718,16

2,1,1719,16

3,-3,1716,16

2,1,1717,16

1,1,1718,16

2,1,1719,16

3,-3,1716,16

2,1,1717,16

1,1,1718,16

2,1,1719,16

3,-3,1716,16

2,1,1717,16

1,1,1718,16

2,1,1719,16

3,-3,1716,16

2,1,1717,16

1,1,1718,16

2,1,1719,16

3,-3,1716,16

2,1,1717,16

1,10,1727,16

2,10,1737,16

1,10,1747,16

0,-3,1744,16

1,1,1745,16

2,1,1746,16

1,1,1747,16

0,-3,1744,16

1,1,1745,16

2,1,1746,16

1,1,1747,16

0,-3,1744,16

1,1,1745,16

2,1,1746,16

1,1,1747,16

0,-3,1744,16

1,1,1745,16

2,1,1746,16

1,1,1747,16

0,-3,1744,16

1,1,1745,16

2,1,1746,16

1,1,1747,16

0,-3,1744,16

1,1,1745,16

2,1,1746,16

1,1,1747,16

0,-3,1744,16

1,1,1745,16

2,1,1746,16

1,1,1747,16

0,-3,1744,16

1,1,1745,16

2,1,1746,16

1,1,1747,16

0,-3,1744,16

1,1,1745,16

2,1,1746,16

1,10,1756,16

2,-3,1753,16

3,1,1754,16

2,1,1755,16

3,1,1756,16

2,1,1757,16

3,1,1758,16

2,1,1759,16

1,-3,1756,16

2,1,1757,16

3,1,1758,16

2,1,1759,16

1,-3,1756,16

2,1,1757,16

3,1,1758,16

2,1,1759,16

1,-3,1756,16

2,1,1757,16

3,1,1758,16

2,10,1768,16

1,1,1769,16

2,10,1779,16

1,10,1789,16

0,-3,1786,16

1,1,1787,16

2,-3,1784,16

1,1,1785,16

0,1,1786,16

1,1,1787,16

2,-3,1784,16

1,1,1785,16

0,1,1786,16

1,1,1787,16

2,-3,1784,16

1,1,1785,16

0,1,1786,16

1,1,1787,16

2,-3,1784,16

1,1,1785,16

0,1,1786,16

1,1,1787,16

2,-3,1784,16

1,1,1785,16

0,1,1786,16

1,1,1787,16

2,-3,1784,16

1,1,1785,16

0,1,1786,16

1,1,1787,16

2,-3,1784,16

1,1,1785,16

0,1,1786,16

1,1,1787,16

2,-3,1784,16

1,1,1785,16

0,1,1786,16

1,1,1787,16

2,-3,1784,16

1,1,1785,16

0,1,1786,16

1,10,1796,16

2,1,1797,16

1,10,1807,16

0,10,1817,16

1,1,1818,16

2,10,1828,16

1,10,1838,16

0,-3,1835,16

0,1,1836,16

0,1,1837,16

0,1,1838,16

3,10,1848,16

2,10,1858,16

3,10,1868,16

0,10,1878,16

1,1,1879,16

0,10,1889,16

0,1,1890,16

0,-3,1887,16

3,10,1897,16

2,10,1907,16

1,-3,1904,16

0,1,1905,16

1,-3,1902,16

0,1,1903,16

0,1,1904,16

0,1,1905,16

0,1,1906,16

0,10,1916,16

1,-3,1913,16

0,1,1914,16

1,10,1924,16

0,10,1934,16

1,10,1944,16

2,10,1954,16

1,10,1964,16

0,10,1974,16

0,10,1984,16

0,10,1994,16

3,10,2004,16

2,1,2005,16

3,10,2015,16

2,1,2016,16

3,10,2026,16

0,10,2036,16

3,10,2046,16

2,10,2056,16

3,-3,2053,16

0,10,2063,16

1,1,2064,16

0,10,2074,16

0,10,2084,16

3,10,2094,16

2,10,2104,16

3,10,2114,16

0,10,2124,16

1,1,2125,16

0,10,2135,16

0,10,2145,16

3,10,2155,16

0,-3,2152,16

1,1,2153,16

0,-3,2150,16

0,10,2160,16

1,-3,2157,16

2,10,2167,16

1,1,2168,16

2,10,2178,16

1,10,2188,16

2,10,2198,16

0,1,2199,16

1,10,2209,16

0,10,2219,16

0,10,2229,16

3,-3,2226,16

2,1,2227,16

1,10,2237,16

2,10,2247,16

1,10,2257,16

2,10,2267,16

3,1,2268,16

0,-3,2265,16

1,10,2275,16

0,10,2285,16

1,10,2295,16

2,10,2305,16

1,10,2315,16

0,10,2325,16

1,-3,2322,16

0,1,2323,16

0,1,2324,16

0,10,2334,16

1,-3,2331,16

2,1,2332,16

1,1,2333,16

2,1,2334,16

1,10,2344,16

2,10,2354,16

1,10,2364,16

2,-3,2361,16

1,1,2362,16

2,1,2363,16

1,10,2373,16

2,1,2374,16

1,10,2384,16

0,10,2394,16

3,1,2395,16

2,-3,2392,16

1,10,2402,16

2,10,2412,16

3,10,2422,16

0,-3,2419,16

1,1,2420,16

0,1,2421,16

1,1,2422,16

0,10,2432,16

0,10,2442,16

3,1,2443,16

2,10,2453,16

1,-3,2450,16

0,-3,2447,16

1,10,2457,16

2,-3,2454,16

1,1,2455,16

0,-3,2452,16

1,1,2453,16

2,1,2454,16

1,1,2455,16

2,1,2456,16

1,1,2457,16

0,-3,2454,16

1,1,2455,16

2,1,2456,16

1,1,2457,16

0,-3,2454,16

1,10,2464,16

2,-3,2461,16

3,-3,2458,16

2,1,2459,16

1,10,2469,16

2,-3,2466,16

3,1,2467,16

2,10,2477,16

1,-3,2474,16

2,1,2475,16

1,1,2476,16

2,1,2477,16

1,1,2478,16

2,10,2488,16

1,10,2498,16

2,10,2508,16

3,1,2509,16

2,10,2519,16

1,10,2529,16

0,-3,2526,16

1,10,2536,16

2,10,2546,16

3,-3,2543,16

2,10,2553,16

3,10,2563,16

2,10,2573,16

3,10,2583,16

2,10,2593,16

3,10,2603,16

2,10,2613,16

0,10,2623,16

3,1,2624,16

2,10,2634,16

1,10,2644,16

2,10,2654,16

1,10,2664,16

0,10,2674,16

1,10,2684,16

2,10,2694,16

1,10,2704,16

0,10,2714,16

3,10,2724,16

2,-3,2721,16

1,10,2731,16

2,10,2741,16

3,10,2751,16

2,10,2761,16

3,10,2771,16

0,-3,2768,16

1,1,2769,16

2,1,2770,16

1,10,2780,16

1,10,2790,16

0,10,2800,16

1,10,2810,16

1,10,2820,16

2,10,2830,16

3,1,2831,16

0,10,2841,16

0,10,2851,16

0,10,2861,16

3,10,2871,16

2,10,2881,16

1,-3,2878,16

0,1,2879,16

1,10,2889,16

2,10,2899,16

1,10,2909,16

2,10,2919,16

1,-3,2916,16

2,1,2917,16

1,10,2927,16

0,1,2928,16

1,10,2938,16

2,10,2948,16

1,10,2958,16

0,10,2968,16

3,-3,2965,16

2,10,2975,16

1,-3,2972,16

1,10,2982,16

0,10,2992,16

1,10,3002,16

2,10,3012,16

1,10,3022,16

0,10,3032,16

1,10,3042,16

2,10,3052,16

1,1,3053,16

0,10,3063,16

3,10,3073,16

0,10,3083,16

0,10,3093,16

3,10,3103,16

2,10,3113,16

3,10,3123,16

0,10,3133,16

1,10,3143,16

0,10,3153,16

0,10,3163,16

3,10,3173,16

2,10,3183,16

3,10,3193,16

2,10,3203,16

3,10,3213,16

2,10,3223,16

1,10,3233,16

0,1,3234,16

1,10,3244,16

0,-3,3241,16

0,10,3251,16

3,10,3261,16

2,10,3271,16

3,10,3281,16

2,1,3282,16

3,10,3292,16

2,10,3302,16

3,-3,3299,16

0,10,3309,16

0,10,3319,16

3,10,3329,16

2,10,3339,16

3,10,3349,16

0,10,3359,16

0,10,3369,16

3,10,3379,16

2,10,3389,16

3,10,3399,16

0,10,3409,16

3,10,3419,16

2,10,3429,16

3,10,3439,16

0,10,3449,16

3,10,3459,16

2,10,3469,16

3,10,3479,16

0,10,3489,16

0,10,3499,16

1,10,3509,16

2,10,3519,16

1,1,3520,16

0,10,3530,16

1,10,3540,16

0,-3,3537,16

1,10,3547,16

2,1,3548,16

1,10,3558,16

0,1,3559,16

1,10,3569,16

2,10,3579,16

1,10,3589,16

2,10,3599,16

1,10,3609,16

2,1,3610,16

1,10,3620,16

0,10,3630,16

1,10,3640,16

0,10,3650,16

0,10,3660,16

3,10,3670,16

2,10,3680,16

1,10,3690,16

0,-3,3687,16

1,10,3697,16

2,10,3707,16

1,10,3717,16

0,10,3727,16

0,10,3737,16

0,10,3747,16

0,10,3757,16

0,10,3767,16

0,1,3768,16

3,1,3769,16

2,10,3779,16

3,10,3789,16

0,10,3799,16

3,10,3809,16

0,10,3819,16

1,10,3829,16

0,10,3839,16

1,10,3849,16

0,10,3859,16

0,10,3869,16

3,10,3879,16

0,10,3889,16

3,10,3899,16

2,-3,3896,16

1,10,3906,16

0,10,3916,16

1,-3,3913,16

2,1,3914,16

1,10,3924,16

2,10,3934,16

3,10,3944,16

2,-3,3941,16

1,10,3951,16

0,-3,3948,16

1,10,3958,16

0,10,3968,16

1,10,3978,16

0,1,3979,16

0,10,3989,16

0,-3,3986,16

0,1,3987,16

0,10,3997,16

0,-3,3994,16

3,1,3995,16

2,1,3996,16

3,10,4006,16

0,-3,4003,16

3,10,4013,16

0,-3,4010,16

0,1,4011,16

0,1,4012,16

0,1,4013,16

0,1,4014,16

3,1,4015,16

2,-3,4012,16

3,1,4013,16

0,1,4014,16

3,10,4024,16

2,10,4034,16

3,10,4044,16

2,10,4054,16

1,10,4064,16

2,-3,4061,16

3,1,4062,16

0,10,4072,16

1,-3,4069,16

0,1,4070,16

3,10,4080,16

2,1,4081,16

3,10,4091,16

0,-3,4088,16

1,1,4089,16

0,10,4099,16

0,10,4109,16

1,-3,4106,16

2,-3,4103,16

1,1,4104,16

0,1,4105,16

1,1,4106,16

2,-3,4103,16

1,1,4104,16

0,1,4105,16

1,1,4106,16

2,-3,4103,16

1,1,4104,16

0,1,4105,16

1,1,4106,16

2,-3,4103,16

1,1,4104,16

0,1,4105,16

1,1,4106,16

2,-3,4103,16

1,1,4104,16

0,1,4105,16

1,10,4115,16

2,1,4116,16

1,10,4126,16

2,1,4127,16

1,10,4137,16

2,10,4147,16

3,1,4148,16

2,-3,4145,16

1,10,4155,16

0,-3,4152,16

1,1,4153,16

0,10,4163,16

0,10,4173,16

1,10,4183,16

0,-3,4180,16

3,1,4181,16

2,-3,4178,16

3,10,4188,16

2,-3,4185,16

3,-3,4182,16

2,1,4183,16

1,1,4184,16

2,1,4185,16

3,-3,4182,16

2,1,4183,16

1,1,4184,16

2,1,4185,16

3,-3,4182,16

2,1,4183,16

1,1,4184,16

2,10,4194,16

3,-3,4191,16

2,1,4192,16

3,10,4202,16

2,10,4212,16

3,10,4222,16

2,10,4232,16

1,10,4242,16

2,-3,4239,16

1,10,4249,16

2,1,4250,16

1,10,4260,16

2,10,4270,16

3,1,4271,16

2,-3,4268,16

1,10,4278,16

2,-3,4275,16

1,1,4276,16

2,1,4277,16

1,10,4287,16

2,10,4297,16

1,10,4307,16

2,10,4317,16

1,-3,4314,16

2,1,4315,16

1,1,4316,16

2,10,4326,16

3,10,4336,16

2,10,4346,16

1,10,4356,16

2,10,4366,16

1,10,4376,16

2,10,4386,16

1,10,4396,16

2,10,4406,16

1,10,4416,16

0,-3,4413,16

3,10,4423,16

0,10,4433,16

0,10,4443,16

1,1,4444,16

0,10,4454,16

1,-3,4451,16

0,10,4461,16

3,-3,4458,16

2,1,4459,16

3,1,4460,16

2,1,4461,16

3,1,4462,16

2,10,4472,16

3,10,4482,16

2,10,4492,16

3,10,4502,16

0,1,4503,16

0,1,4504,16

3,10,4514,16

0,-3,4511,16

3,1,4512,16

2,1,4513,16

3,1,4514,16

0,-3,4511,16

3,1,4512,16

2,1,4513,16

3,10,4523,16

2,10,4533,16

3,10,4543,16

2,10,4553,16

1,10,4563,16

2,10,4573,16

3,10,4583,16

2,10,4593,16

3,10,4603,16

2,10,4613,16

1,1,4614,16

2,10,4624,16

3,10,4634,16

0,-3,4631,16

0,10,4641,16

0,10,4651,16

3,10,4661,16

2,10,4671,16

3,10,4681,16

0,10,4691,16

1,-3,4688,16

0,10,4698,16

0,10,4708,16

3,10,4718,16

2,10,4728,16

3,10,4738,16

0,10,4748,16

0,10,4758,16

0,10,4768,16

0,10,4778,16

0,10,4788,16

0,10,4798,16

0,10,4808,16

3,1,4809,16

2,10,4819,16

1,10,4829,16

0,-3,4826,16

1,1,4827,16

2,10,4837,16

1,10,4847,16

2,10,4857,16

1,10,4867,16

2,10,4877,16

1,10,4887,16

2,10,4897,16

1,-3,4894,16

2,10,4904,16

3,10,4914,16

2,10,4924,16

3,10,4934,16

0,10,4944,16

1,-3,4941,16

1,-3,4938,16

0,1,4939,16

0,1,4940,16

0,10,4950,16

3,-3,4947,16

2,1,4948,16

3,10,4958,16

2,10,4968,16

3,10,4978,16

0,10,4988,16

3,10,4998,16

0,-3,4995,16

3,10,5005,16

2,10,5015,16

3,1,5016,16

0,1,5017,16

0,1,5018,16

0,-3,5015,16

3,10,5025,16

2,10,5035,16

3,10,5045,16

2,10,5055,16

3,10,5065,16

0,10,5075,16

0,1,5076,16

3,10,5086,16

0,-3,5083,16

3,1,5084,16

2,10,5094,16

3,10,5104,16

2,-3,5101,16

3,1,5102,16

2,10,5112,16

1,1,5113,16

2,10,5123,16

1,1,5124,16

0,1,5125,16

1,10,5135,16

2,10,5145,16

3,-3,5142,16

2,10,5152,16

1,-3,5149,16

0,1,5150,16

1,10,5160,16

0,-3,5157,16

1,1,5158,16

2,10,5168,16

1,-3,5165,16

2,1,5166,16

1,10,5176,16

2,-3,5173,16

1,1,5174,16

0,-3,5171,16

1,10,5181,16

2,-3,5178,16

1,1,5179,16

2,1,5180,16

1,1,5181,16

2,1,5182,16

1,1,5183,16

2,1,5184,16

1,1,5185,16

2,10,5195,16

1,-3,5192,16

2,1,5193,16

3,-3,5190,16

2,10,5200,16

1,10,5210,16

0,-3,5207,16

3,1,5208,16

2,1,5209,16

3,1,5210,16

2,-3,5207,16

3,1,5208,16

0,10,5218,16

1,-3,5215,16

0,1,5216,16

1,1,5217,16

0,1,5218,16

1,1,5219,16

0,1,5220,16

0,1,5221,16

0,1,5222,16

0,1,5223,16

0,1,5224,16

0,1,5225,16

0,1,5226,16

0,1,5227,16

0,1,5228,16

0,1,5229,16

0,1,5230,16

0,1,5231,16

0,1,5232,16

0,10,5242,16

0,10,5252,16

0,1,5253,16

3,10,5263,16

2,-3,5260,16

3,1,5261,16

2,1,5262,16

3,1,5263,16

2,1,5264,16

3,1,5265,16

2,1,5266,16

3,1,5267,16

2,1,5268,16

3,1,5269,16

2,1,5270,16

3,1,5271,16

2,1,5272,16

3,1,5273,16

2,1,5274,16

3,1,5275,16

2,1,5276,16

3,1,5277,16

2,1,5278,16

3,1,5279,16

2,1,5280,16

3,1,5281,16

0,-3,5278,16

3,1,5279,16

2,1,5280,16

3,1,5281,16

0,-3,5278,16

3,1,5279,16

2,1,5280,16

3,1,5281,16

0,-3,5278,16

3,1,5279,16

2,1,5280,16

3,1,5281,16

0,-3,5278,16

3,1,5279,16

3,1,5280,16

2,1,5281,16

3,10,5291,16

0,-3,5288,16

0,1,5289,16

0,1,5290,16

0,1,5291,16

0,-3,5288,16

3,1,5289,16

2,1,5290,16

3,1,5291,16

0,-3,5288,16

3,1,5289,16

2,1,5290,16

3,1,5291,16

0,-3,5288,16

3,1,5289,16

2,1,5290,16

3,10,5300,16

2,10,5310,16

3,10,5320,16

2,10,5330,16

3,10,5340,16

2,10,5350,16

1,10,5360,16

2,10,5370,16

1,10,5380,16

2,-3,5377,16

3,1,5378,16

2,-3,5375,16

3,1,5376,16

0,1,5377,16

3,10,5387,16

0,1,5388,16

0,-3,5385,16

3,10,5395,16

2,-3,5392,16

3,10,5402,16

2,10,5412,16

1,1,5413,16

2,-3,5410,16

3,10,5420,16

2,10,5430,16

3,10,5440,16

2,1,5441,16

3,10,5451,16

0,10,5461,16

0,10,5471,16

3,10,5481,16

2,10,5491,16

3,10,5501,16

0,10,5511,16

3,10,5521,16

2,10,5531,16

3,-3,5528,16

0,10,5538,16

1,-3,5535,16

0,1,5536,16

1,10,5546,16

0,1,5547,16

1,10,5557,16

2,10,5567,16

1,10,5577,16

2,1,5578,16

1,10,5588,16

0,-3,5585,16

0,10,5595,16

1,-3,5592,16

0,1,5593,16

1,1,5594,16

0,1,5595,16

1,1,5596,16

0,1,5597,16

1,1,5598,16

0,10,5608,16

1,1,5609,16

0,10,5619,16

0,-3,5616,16

0,1,5617,16

0,1,5618,16

3,1,5619,16

2,-3,5616,16

3,1,5617,16

0,1,5618,16

3,1,5619,16

2,-3,5616,16

3,1,5617,16

0,1,5618,16

3,1,5619,16

2,-3,5616,16

3,1,5617,16

0,1,5618,16

3,10,5628,16

2,10,5638,16

3,-3,5635,16

0,1,5636,16

0,1,5637,16

0,1,5638,16

3,1,5639,16

2,-3,5636,16

3,1,5637,16

0,1,5638,16

3,1,5639,16

2,-3,5636,16

3,1,5637,16

0,1,5638,16

3,1,5639,16

2,-3,5636,16

3,1,5637,16

0,1,5638,16

3,10,5648,16

0,-3,5645,16

0,1,5646,16

0,1,5647,16

0,1,5648,16

0,1,5649,16

0,1,5650,16

0,1,5651,16

0,1,5652,16

0,1,5653,16

0,1,5654,16

3,1,5655,16

2,-3,5652,16

3,1,5653,16

0,1,5654,16

3,1,5655,16

2,-3,5652,16

3,1,5653,16

0,1,5654,16

3,1,5655,16

2,-3,5652,16

3,1,5653,16

0,1,5654,16

3,1,5655,16

2,-3,5652,16

3,1,5653,16

0,1,5654,16

3,10,5664,16

2,10,5674,16

3,10,5684,16

2,10,5694,16

1,10,5704,16

2,-3,5701,16

3,1,5702,16

0,10,5712,16

0,10,5722,16

0,10,5732,16

3,10,5742,16

1,10,5752,16

2,10,5762,16

1,10,5772,16

0,10,5782,16

3,-3,5779,16

2,1,5780,16

1,-3,5777,16

2,1,5778,16

3,1,5779,16

2,1,5780,16

1,-3,5777,16

2,10,5787,16

1,-3,5784,16

0,1,5785,16

1,1,5786,16

0,1,5787,16

1,1,5788,16

0,1,5789,16

1,1,5790,16

0,1,5791,16

1,1,5792,16

0,1,5793,16

1,1,5794,16

2,-3,5791,16

1,1,5792,16

0,1,5793,16

1,1,5794,16

2,-3,5791,16

1,1,5792,16

0,1,5793,16

1,1,5794,16

2,-3,5791,16

1,1,5792,16

0,1,5793,16

1,1,5794,16

2,-3,5791,16

1,1,5792,16

0,1,5793,16

1,1,5794,16

2,-3,5791,16

1,1,5792,16

0,1,5793,16

1,1,5794,16

2,-3,5791,16

1,1,5792,16

0,1,5793,16

1,1,5794,16

2,-3,5791,16

1,1,5792,16

0,1,5793,16

1,1,5794,16

2,-3,5791,16

1,1,5792,16

0,1,5793,16

1,10,5803,16

0,-3,5800,16

1,1,5801,16

0,1,5802,16

1,1,5803,16

0,1,5804,16

1,1,5805,16

0,1,5806,16

3,-3,5803,16

0,1,5804,16

1,1,5805,16

0,1,5806,16

1,1,5807,16

0,1,5808,16

1,1,5809,16

0,1,5810,16

1,1,5811,16

0,1,5812,16

1,1,5813,16

0,-100,5713,16

0,-3,-3,17

1,1,-2,17

0,1,-1,17

1,1,0,17

0,1,1,17

0,1,2,17

1,1,3,17

0,1,4,17

